res_id,menu,price
"(1,)",돼지갈비 300g,"15,000원"
"(1,)",소갈비살 150g,"17,000원"
"(1,)",양념소갈비 2대,"24,000원"
"(1,)",생삼겹살 180g,"15,000원"
"(1,)",생목살 200g,"15,000원"
"(1,)",누룽지,"4,000원"
"(2,)",소고기편백찜+ 샤브샤브 무한리필 런치,"12,900원"
"(2,)",소고기편백찜+ 샤브샤브 무한리필 디너,"14,900원"
"(2,)",간장새우,"7,000원"
"(2,)",간장새우밥,"7,000원"
"(2,)",간장계란밥,"2,000원"
"(3,)",소곱창,"15,000원"
"(3,)",모듬곱창,"16,000원"
"(3,)",소대창,"15,000원"
"(3,)",소막창,"15,000원"
"(3,)",염통 추가,"8,000원"
"(3,)",우삼겹 추가,"8,000원"
"(3,)",육회 추가,"8,000원"
"(3,)",떡 추가,"1,000원"
"(3,)",볶음밥,"3,000원"
"(3,)",치즈사리,"1,000원"
"(3,)",소주/맥주,"4,000원"
"(3,)",칭따오,"6,000원"
"(3,)",참나무통맑은이슬,"4,000원"
"(3,)",음료,"1,000원"
"(3,)",낙곱새,"12,000원"
"(4,)",크림롱블랙,"4,800원"
"(4,)",블랙크림라떼,"4,800원"
"(4,)",핑크크림라떼,"4,800원"
"(4,)",그레이크림라떼,"4,800원"
"(5,)",물갈비,"15,000원"
"(5,)",A 세트,"75,000원"
"(5,)",B 세트,"75,000원"
"(5,)",볶음밥,"3,000원"
"(5,)",오삼불고기,"12,000원"
"(5,)",오징어불고기,"9,000원"
"(6,)",러시아 킹크랩 찜& 치즈버터 오븐구이,변동
"(6,)",러시아 박달대게 찜& 치즈버터 오븐구이,변동
"(6,)",대왕 랍스타 찜& 치즈버터 오븐구이,변동
"(6,)",꽃게 라면,"5,000원"
"(6,)",게장 비빔밥,"2,000원"
"(6,)",밑반찬 포장및 배달 셋트,"15,000원"
"(7,)",호세가파히타 ( 2 - 3 인용 ),"36,000원"
"(7,)",치킨파히타(1인용),"12,000원"
"(7,)",포크파히타(1인용),"12,500원"
"(7,)",비프파히타(1인용),"13,500원"
"(7,)",런치 SET A.,"7,000원"
"(7,)",런치 SET B.,"8,000원"
"(7,)",콤보 SET A.,"28,000원"
"(7,)",콤보 SET B.,"32,000원"
"(7,)",데킬라 SET,"119,000원"
"(7,)",치킨타코,"7,500원"
"(7,)",포크타코,"8,000원"
"(7,)",비프타코,"9,000원"
"(7,)",쉬림프타코,"9,500원"
"(7,)",치킨브리또,"8,000원"
"(7,)",포크브리또,"8,500원"
"(8,)",탕수육,"22,000원"
"(8,)",간짜장,"7,000원"
"(8,)",볶음밥,"7,500원"
"(8,)",짬뽕,"7,000원"
"(8,)",수제군만두,"6,500원"
"(8,)",짜장,"6,000원"
"(8,)",쇠고기탕면,"10,000원"
"(8,)",마라탕면,"10,000원"
"(8,)",차돌짬뽕,"10,000원"
"(8,)",얼큰화로탕,"20,000원"
"(8,)",짬뽕밥,"7,500원"
"(8,)",오무라이스,"9,000원"
"(8,)",마파두부밥,"9,000원"
"(8,)",잡채밥,"9,000원"
"(8,)",굴짬뽕,"9,500원"
"(9,)",평양냉면,"10,000원"
"(9,)",양지곰탕,"10,000원"
"(9,)",제주흑돼지 수육-한접시,"13,000원"
"(9,)",양지수육,"18,000원"
"(9,)",녹두전,"7,000원"
"(9,)",비빔냉면,"10,000원"
"(9,)",제주 흑돼지 수육-반접시,"7,000원"
"(11,)",애슐리퀸즈 평일런치,"15,900원"
"(11,)",애슐리퀸즈 주말공휴일,"25,900원"
"(11,)",애슐리퀸즈 초등학생,"12,900원"
"(11,)",애슐리퀸즈 미취학생,"7,900원"
"(11,)",애슐리 퀸즈 평일디너,"22,900원"
"(12,)",바지락칼국수,"7,000원"
"(12,)",바지락칼제비,"7,000원"
"(12,)",바지락수제비,"7,000원"
"(12,)",얼큰칼제비,"7,000원"
"(12,)",콩국수,"7,000원"
"(12,)",얼큰칼국수,"7,000원"
"(14,)",중식뷔페,"9,000원"
"(15,)",모듬곱창,"20,000원"
"(15,)",순곱창,"23,000원"
"(15,)",마늘곱창,"25,000원"
"(15,)",대창,"19,000원"
"(15,)",막창,"19,000원"
"(16,)",크루아상,"2,800원"
"(16,)",얼그레이 크루아상,"3,500원"
"(16,)",뻉오쇼콜라,"3,000원"
"(16,)",라우겐크루아상,"3,300원"
"(16,)",아몬드크루아상,"3,500원"
"(16,)",바게트,"3,500원"
"(16,)",앙버터 바게트,"4,000원"
"(16,)",라우겐프레첼,"2,500원"
"(16,)",치아바타,"3,000원"
"(16,)",치아바타 샌드위치,"4,000원"
"(16,)",빨미까레,"3,500원"
"(17,)",창코나베,"25,000원"
"(17,)",튀김,"18,000원"
"(17,)",간단사시미,"20,000원"
"(17,)",광어고노와다,"25,000원"
"(17,)",치즈오코노미야끼,"20,000원"
"(17,)",다양한 요리,변동
"(18,)",치즈 플레이트,"19,000원"
"(18,)",자메이카 통다리구이,"21,000원"
"(18,)",와인,변동
"(18,)",수제맥주,"7,000원"
"(18,)",브리치즈 구이,"13,000원"
"(18,)",카프레제 샐러드,"13,000원"
"(19,)",감바스 알 아히요,"16,000원"
"(19,)",통 베이컨 크림 리조또,"16,000원"
"(19,)",치즈플래터 포장/배달,변동
"(19,)",허니라임쉬림프,"15,000원"
"(19,)",클래식 까르보나라,"14,000원"
"(19,)",통 등심 돈까스,"15,000원"
"(19,)",매콤 크림 링귀니 파스타,"15,000원"
"(19,)",와인,변동
"(19,)",위스키,변동
"(19,)",병맥주,변동
"(19,)",칵테일,변동
"(19,)",샤퀴테리 플레이트,"23,000원"
"(19,)",치즈 Palette,"23,000원"
"(19,)",콕콕 미니 카프레제,"13,000원"
"(19,)",오이카르파치오,"10,000원"
"(20,)",바지락 칼국수,"6,000원"
"(20,)",팥 칼국수,"7,000원"
"(20,)",팥 옹심이,"8,000원"
"(21,)",퀸즈랜드 립아이,"57,000원"
"(21,)",투움바 파스타,"23,900원"
"(21,)",베이비 백 립,"37,900원"
"(22,)",만두국,"8,000원"
"(22,)",김치왕만두국,"7,000원"
"(22,)",사골칼국수,"6,000원"
"(22,)",떡만두국,"7,000원"
"(22,)",김치떡왕만두국,"7,000원"
"(22,)",통만두,"5,000원"
"(22,)",김치왕만두,"5,000원"
"(22,)",물만두,"5,000원"
"(22,)",냉콩국수,"7,000원"
"(22,)",모밀국수,"6,000원"
"(22,)",왕만두버섯전골(대),"32,000원"
"(22,)",왕만두버섯전골(중),"24,000원"
"(23,)",점심특선,"12,000원"
"(23,)",보쌈 소,"32,000원"
"(23,)",보쌈 대,"49,000원"
"(24,)",마카둥카롱,변동
"(24,)",커스텀 레터링 케이크,변동
"(24,)",벚꽃로밀크티,변동
"(24,)",아메리칸 뚱땡이와플,변동
"(25,)",핑키게살 로제스파게티,"9,500원"
"(25,)",와규 스테이크,"20,000원"
"(25,)",먹물 해산물 빠에야,"10,500원"
"(25,)",꽈리불고기 오므라이스,"8,500원"
"(25,)",치킨&쉬림프 나시고랭,"9,500원"
"(25,)",목살큐브스테이크 김치볶음밥,"8,500원"
"(25,)",필리치즈스테이크 샌드위치,"8,500원"
"(25,)",샘 오픈 샌드위치,"9,000원"
"(25,)",해물 치즈떡볶이,"9,500원"
"(25,)",나가사끼 짬뽕,"10,500원"
"(25,)",명란 치즈 오믈렛,"9,000원"
"(25,)",와규찹스테이크,"16,500원"
"(25,)",명란크림파스타,"9,500원"
"(25,)",바질페스토파스타,"10,500원"
"(25,)",투움바 파스타,"10,500원"
"(27,)",구구함박,"8,500원"
"(27,)",카레함박,"9,000원"
"(27,)",토마토 함박,"8,500원"
"(27,)",트러플크림 함박,"9,000원"
"(28,)",도로초밥,"27,000원"
"(28,)",모듬초밥,"10,000원"
"(28,)",특선초밥,"15,000원"
"(28,)",가마도로,"36,000원"
"(30,)",샐러드,"7,900~11,900"
"(30,)",파스타,"8,900~14,900"
"(30,)",피자,"9,900~16,900"
"(30,)",라이스,"8,900~11,900"
"(30,)",빠네 파스타,"11,900~14,900"
"(31,)",소고가무한리필1,"20,000원"
"(31,)",소고기무한리필2,"21,000원"
"(31,)",생돼지무한리필,"15,000원"
"(31,)",소고기국밥,"5,000원"
"(31,)",나주곰탕,"5,000원"
"(31,)",냉면(물/비빔),"5,000원"
"(31,)",육회비빔밥,"6,000원"
"(31,)",차돌된장찌개,"6,000원"
"(31,)",부채스테이크,"10,000원"
"(31,)",소한마리,"32,000원"
"(31,)",돼지한마리,"25,000원"
"(31,)",육회,"10,000원"
"(31,)",후식냉면,"3,000원"
"(31,)",시골된장,"2,000원"
"(32,)",우마왕 소고기 삼합 1인,"22,000원"
"(32,)",우마왕 소고기 특수부위 1인 (160g),"15,000원"
"(32,)",소고기 타다끼,"19,000원"
"(32,)",명란구이,"16,000원"
"(32,)",육사시미,"16,000원"
"(32,)",바지락 술찜,"15,000원"
"(32,)",차돌박이숙주볶음,"18,000원"
"(33,)",숙성 삼겹살 (150g),"15,000원"
"(33,)",꽃살 (150g),"27,000원"
"(33,)",숙성 목살 (150g),"15,000원"
"(33,)",특수부위 (숙성 가브리살 65g + 숙성 항정살 65g),"17,000원"
"(33,)",숙성 가브리살 (130g),"17,000원"
"(33,)",숙성 항정살 (130g),"17,000원"
"(33,)",육회 (200g),"27,000원"
"(33,)",시골된장찌개,"3,000원"
"(33,)",묵은지 뚝배기,"7,000원"
"(33,)",묵은지 치자 소면,"6,000원"
"(33,)",칡 물냉면,"6,000원"
"(33,)",칡 비빔냉면,"6,000원"
"(33,)",계란찜,"6,000원"
"(34,)",칼집항정살,"13,000원"
"(34,)",칼집삼겹살,"13,000원"
"(34,)",이베리코늑간살,"13,000원"
"(34,)",갈비양념갈매기살,"13,000원"
"(34,)",칼집목살,"13,000원"
"(34,)",소갈비살,"15,000원"
"(34,)",소막창,"13,000원"
"(35,)",아메리카노,"3,800원"
"(35,)",플랫화이트,"4,300원"
"(35,)",카푸치노/카페라떼,"4,300원"
"(35,)",카라멜마끼야또,"4,800원"
"(35,)",카페모카,"4,800원"
"(35,)",아인슈패너,"5,500원"
"(36,)",만두전골,"8,000원"
"(36,)",손만두,"7,000원"
"(36,)",만두전골(포장),"7,000원"
"(36,)",손만두(포장),"6,000원"
"(37,)",양지곰탕,"7,000원"
"(37,)",특곰탕,"9,000원"
"(37,)",왕갈비탕,"12,000원"
"(37,)",도가니탕,"13,000원"
"(37,)",육개장,"7,000원"
"(37,)",만두국,"7,000원"
"(37,)",비빔국수,"7,000원"
"(37,)",콩국수(하절기),"7,000원"
"(37,)",접시왕만두(6개),"6,000원"
"(37,)",매운갈비찜,"38,000원"
"(37,)",동남불고기,"14,000원"
"(37,)",수육,"40,000원"
"(37,)",도가니수육,"40,000원"
"(38,)",(평일런치성인)소고기샤브&샐러드바,"12,900원"
"(38,)",(평일디너/주말성인)소고기/무한샤브&샐러드바,"19,900원"
"(41,)",마카롱,변동
"(41,)",까눌레,"2,500원"
"(41,)",아메리카노,"2,800원"
"(41,)",아인슈페너,"4,000원"
"(41,)",크로플,"4,000원"
"(41,)",마들렌,변동
"(41,)",다쿠아즈,"3,000원"
"(42,)",피자 13인치,"19,000원"
"(42,)",피자 18인치,"31,000원"
"(42,)",국내 수제맥주 ,"6,500원"
"(42,)",Coke,"3,000원"
"(42,)",와인,"6,500원"
"(42,)",레드소스 고기러버스(13인치),"21,000원"
"(42,)",레드소스 수프림(13인치),"21,000원"
"(42,)",레드소스 페퍼로니(13인치),"19,000원"
"(42,)",레드소스 세라즈피자(13인치),"21,000원"
"(42,)",레드소스 스파이시러버스(13인치),"21,000원"
"(43,)",지리산흑돼지생목살 160g,"16,000원"
"(43,)",제주특수부위생모듬 700g,"68,000원"
"(43,)",제주생오겹살 160g,"16,000원"
"(43,)",제주 생항정살 160g,"16,000원"
"(43,)",한우 육회 180g,"28,000원"
"(43,)",돼지 양념갈비 250g,"15,000원"
"(43,)",식사메뉴 - 된장찌개,"7,000원"
"(43,)",식사 - 고추장 제육불고기,"7,000원"
"(43,)",식사 - 김치숙성찌개,"7,000원"
"(43,)",부대전골,"7,000원"
"(43,)",칡냉면,"7,000원"
"(43,)",계란찜,"5,000원"
"(43,)",계란말이,"8,000원"
"(43,)",누룽지,"5,000원"
"(44,)",오마카세 B,"60,000원"
"(44,)",오마카세 C,"90,000원"
"(44,)",오마카세 A,"40,000원"
"(44,)",스시메뉴 커플세트,"40,000원"
"(44,)",특선스시,"30,000원"
"(44,)",히또스시,"22,000원"
"(45,)",생갈비+돼지왕갈비 무한리필,"14,500원"
"(45,)",돼지왕갈비+닭갈비 무한리필,"13,500원"
"(45,)",돼지왕갈비+생갈비 무한리필 5~7세,"7,000원"
"(45,)",돼지왕갈비+닭갈비 무한리필 5~7세,"6,000원"
"(45,)",소LA갈비 200g,"13,000원"
"(45,)",돼지왕갈비 250g,"10,000원"
"(45,)",생갈비 250g,"10,000원"
"(45,)",닭갈비 200g,"9,000원"
"(45,)",숯불양념구이정식,"8,000원"
"(45,)",매콤불고기,"8,000원"
"(45,)",북촌갈비탕,"11,000원"
"(45,)",북촌육개장,"7,000원"
"(45,)",김치말이국수(물/비빔),"5,000원"
"(45,)",냉면(물/비빔),"5,000원"
"(45,)",추가 된장찌개,"2,000원"
"(46,)",육즙목살,"12,000원"
"(46,)",쫀득살,"12,000원"
"(46,)",벌집껍데기,"8,000원"
"(46,)",숙성삼겹,"12,000원"
"(46,)",항정껍데기,"10,000원"
"(47,)",마피아피자 콤비네이션(18인치),"25,900원"
"(47,)",크림치즈 피자(18인치),"25,900원"
"(47,)",마피아피자 콤비네이션(11인치),"16,900원"
"(47,)",매콤불고기 피자(11인치),"16,900원"
"(47,)",매콤불고기 피자(18인치),"25,900원"
"(47,)",크림치즈 피자(11인치),"16,900원"
"(47,)",2가지 맛 선택(18인치),"27,900원"
"(47,)",4가지 맛 선택(18인치),"28,900원"
"(47,)",치즈듬뿍,"3,000원"
"(47,)",치즈피자(11인치),"13,900원"
"(48,)",돼지짬뽕,"6,000원"
"(48,)",차돌짬뽕,"7,000원"
"(48,)",해물짬뽕,"8,000원"
"(48,)",홍합짬뽕,"7,000원"
"(48,)",굴(하얀)짬뽕,"8,000원"
"(48,)",팔보채,"29,000원"
"(48,)",누룽지탕,"29,000원"
"(48,)",얼큰해물탕,"19,000원"
"(48,)",쭈꾸미볶음,"10,000원"
"(48,)",철판쭈꾸미,"12,000원"
"(48,)",오리훈제,"15,000원"
"(48,)",소주,"4,000원"
"(48,)",맥주,"4,000원"
"(48,)",막걸리,"3,500원"
"(48,)",이과도주,"3,500원"
"(49,)",모듬곱창,"20,000원"
"(49,)",대창,"18,000원"
"(49,)",염통,"14,000원"
"(49,)",간천엽,"14,000원"
"(49,)",곱창전골 대,"45,000원"
"(49,)",곱창전골 중,"35,000원"
"(49,)",알곱창,"22,000원"
"(49,)",황소곱창,"22,000원"
"(49,)",특양구이,"26,000원"
"(49,)",곱창추가,"22,000원"
"(49,)",치즈추가,"2,000원"
"(49,)",막국수 물/비빔,"6,000원"
"(49,)",날치알볶음밥,"3,000원"
"(51,)",마라탕 100g,"1,600원"
"(51,)",마라샹궈 100g,"3,200원"
"(51,)",꿔바로우 小,"10,000원"
"(51,)",꿔바로우 大,"15,000원"
"(51,)",지삼선,"13,000원"
"(51,)",향라새우,"18,000원"
"(51,)",마파두부,"12,000원"
"(51,)",경장육슬,"15,000원"
"(51,)",어향육슬,"15,000원"
"(51,)",향라닭날개,"15,000원"
"(51,)",토마토계란,"12,000원"
"(51,)",마라롱샤,"32,000원"
"(51,)",새우볶음밥,"8,000원"
"(51,)",마파두부밥,"7,000원"
"(51,)",중식미니전,"2,500원"
"(52,)",청국장,"8,000원"
"(52,)",부뚜막 정식,"12,000원"
"(52,)",우렁된장,"8,000원"
"(52,)",해물 파전,"13,000원"
"(52,)",손두부 보쌈,"18,000원"
"(52,)",손두부 묵은지찜,"30,000원"
"(52,)",삼합 스페셜,"38,000원"
"(52,)",도토리묵,"10,000원"
"(53,)",베트남 소고기 쌀국수,"7,900원"
"(54,)",계림닭도리탕 (소) 한마리,"23,000원"
"(54,)",계림닭도리탕 (중) 한마리반,"34,000원"
"(54,)",계림닭도리탕 (대) 두마리,"44,000원"
"(54,)",각종사리,변동
"(55,)",등심돈카츠,"8,000원"
"(55,)",안심돈카츠,"9,000원"
"(55,)",치즈돈카츠,"9,000원"
"(55,)",카레돈카츠,"9,000원"
"(55,)",카레추가,"2,000원"
"(55,)",탄산음료,"2,000원"
"(56,)",모듬곱창,"17,000원"
"(56,)",볶음밥,"3,000원"
"(56,)",소곱창,"16,000원"
"(56,)",소대창,"16,000원"
"(56,)",소막창,"16,000원"
"(56,)",염통,"8,000원"
"(57,)",1호 생크림케이크,"10,000원"
"(57,)",2단 생크림케이크,"20,000원"
"(57,)",아메리카노,"2,000원"
"(58,)",사시미.생선구이.튀김,"30,000원"
"(59,)",에스프레소,"4,500원"
"(59,)",아메리카노,"4,500원"
"(59,)",카페라떼,"5,000원"
"(59,)",바닐라 라떼,"5,500원"
"(59,)",헤이즐넛라떼,"5,500원"
"(60,)",Pasta,변동
"(60,)",Steak,변동
"(60,)",Cheese,변동
"(60,)",Wine,변동
"(60,)",Natural wine,변동
"(60,)",Whisky,변동
"(60,)",Beer,변동
"(61,)",무화과파운드,"6,000원"
"(61,)",월넛브리오슈,"6,000원"
"(61,)",찹쌀맘모스,"6,000원"
"(61,)",밤맘모스 half,"3,800원"
"(61,)",점보옥수수카스테라,"8,800원"
"(61,)",앙버터,"5,500원"
"(61,)",명란바게트,"4,800원"
"(61,)",케익,변동
"(62,)",김치찜,"8,000원"
"(62,)",생삼겹살,"12,000원"
"(62,)",고등어찜,"8,000원"
"(62,)",김치찌개,"7,000원"
"(62,)",꽁치찌개,"7,000원"
"(62,)",해물된장찌개,"8,000원"
"(62,)",계란찜,"4,000원"
"(62,)",통삼겹살,"15,000원"
"(62,)",고추장삼겹살,"12,000원"
"(62,)",목살,"12,000원"
"(62,)",항정살,"14,000원"
"(62,)",물냉.비냉면,"6,000원"
"(62,)",모듬소세지,"6,000원"
"(62,)",날치알볶음밥,"3,000원"
"(62,)",와규 치마살,"20,000원"
"(63,)",숙성 연어회,"20,000원"
"(63,)",로제 떡볶이,"18,500원"
"(63,)",소고기 타다끼,"17,000원"
"(63,)",소고기 스키야키,"18,000원"
"(63,)",Deep 한 감튀,"13,500원"
"(63,)",육회,"20,000원"
"(63,)",감바스,"18,000원"
"(63,)",오뎅나베,"17,000원"
"(65,)",꼬치구이 6종(선택가능),"18,000원"
"(65,)",꼬치구이 10종(선택가능),"30,000원"
"(65,)",수제 오코노미야끼,"16,000원"
"(65,)",연어 샐러드,"20,000원"
"(65,)",치킨 샐러드,"18,000원"
"(65,)",과일 샐러드,"15,000원"
"(65,)",새우튀김,"18,000원"
"(66,)",김치가츠나베,"8,000원"
"(66,)",김치치즈가츠나베,"8,500원"
"(66,)",가츠나베,"8,000원"
"(66,)",새우나베,"8,500원"
"(66,)",돈까스카레,"8,000원"
"(66,)",치킨카라아게카레,"8,000원"
"(66,)",김치가츠동,"8,400원"
"(66,)",가츠동,"8,000원"
"(66,)",에비동,"8,400원"
"(66,)",매운치킨덮밥,"8,000원"
"(66,)",규동,"8,000원"
"(66,)",부타동,"7,500원"
"(66,)",가케아게동,"9,000원"
"(66,)",수제등심돈까스,"8,000원"
"(66,)",돈꼬츠라멘,"8,000원"
"(67,)",김치찌개 (2인이상 주문가능),"7,000원"
"(67,)",동태탕 (2인이상 주문가능),"8,000원"
"(67,)",국물닭볶음탕,"21,000원"
"(67,)",꼬막무침,"15,000원"
"(67,)",매운갈비찜,"26,000원"
"(67,)",짜글이 (2인이상 주문가능),"7,000원"
"(68,)",통영 물회 (특대) 문어大,"70,000원"
"(68,)",생선회,"54,000~79,000"
"(68,)",통영해물탕,"57,000~85,000"
"(69,)",빅터스버거,"8,900원"
"(69,)",와사비마요버거,"8,400원"
"(69,)",치즈버거,"6,300원"
"(69,)",클라우드생맥주,"3,300원"
"(69,)",빅터스 치킨윙,"8,900원"
"(69,)",맥앤치즈 w/소세지,"14,000원"
"(69,)",아이올리순살치킨,"7,900원"
"(69,)",플래티넘 화이트에일,"6,000원"
"(69,)",플래티넘 I.P.A,"6,900원"
"(69,)",1/2 감자튀김 + 음료1,"4,000원"
"(69,)",에그하와이안버거,"9,800원"
"(69,)",클래식버거,"7,900원"
"(69,)",치킨버거,"6,900원"
"(69,)",칠리치즈버거,"9,300원"
"(69,)",오리지널쉬림프버거,"9,400원"
"(73,)",청와칼국수,"8,000원"
"(73,)",통마늘된장보쌈,"40,000원"
"(73,)",장터칼국수,"8,000원"
"(73,)",메밀막국수,"8,000원"
"(73,)",청와칼국수정식,"11,000원"
"(73,)",사골떡만두국,"8,000원"
"(73,)",낙지만두,"7,000원"
"(73,)",명이마늘보쌈,"40,000원"
"(73,)",모듬세트,"50,000원"
"(73,)",한방족발,"40,000원"
"(73,)",매운양념족발,"40,000원"
"(73,)",간장족발,"40,000원"
"(73,)",마늘떡갈비,"8,000원"
"(73,)",모듬만두,"7,000원"
"(74,)",가츠동,"7,000원"
"(74,)",사케동,"9,000원"
"(74,)",가라아게동,"7,000원"
"(74,)",에비후라이동,"8,000원"
"(74,)",소스가츠동,"8,000원"
"(74,)",스키야키(관동식),"25,000원"
"(74,)",토마토 해물나베,"20,000원"
"(74,)",요세나베,"16,000원"
"(74,)",나베오뎅,"17,000원"
"(74,)",바지락 사케찜,"17,000원"
"(75,)",콥 샐러디,"6,500원"
"(75,)",시저치킨 샐러디,"5,900원"
"(75,)",탄단지 샐러디,"7,600원"
"(75,)",연어 샐러디,"8,400원"
"(75,)",리코타치즈 샐러디,"8,100원"
"(75,)",칠리베이컨 웜볼,"6,900원"
"(75,)",우삼겹 웜볼,"7,600원"
"(75,)",할라피뇨치킨 웜볼,"7,300원"
"(75,)",치킨소시지 웜볼,"6,900원"
"(75,)",치킨토마토 샌드,"5,700원"
"(75,)",에그베이컨 샌드,"5,700원"
"(75,)",샬롯연어 샌드,"6,400원"
"(75,)",멕시칸 랩,"5,900원"
"(75,)",시저치킨 랩,"5,900원"
"(75,)",크랜베리그릭 랩,"6,200원"
"(76,)",모츠나베,"23,000원"
"(76,)",딱새우 사시미,"30,000원"
"(76,)",모듬사시미,변동
"(76,)",광어회 고노와다,"32,000원"
"(76,)",쇠고기타타끼,"20,000원"
"(76,)",바지락술찜,"15,000원"
"(76,)",숙주볶음,"13,000원"
"(76,)",연어샐러드,"22,000원"
"(76,)",왕새우후라이,"18,000원"
"(76,)",나가사끼짬뽕,"18,000원"
"(76,)",해물짬뽕냄비,"18,000원"
"(77,)",점심특선(10p),"12,000원"
"(77,)",연어초밥(10p),"15,000원"
"(77,)",생선초밥(10p),"16,000원"
"(77,)",모듬초밥,"18,000원"
"(77,)",휴정식,"22,000원"
"(77,)",나가사끼라멘,"9,000원"
"(77,)",가츠동(돈가스덮밥),"7,000원"
"(77,)",휴사시미정식A,"28,000원"
"(77,)",휴사시미정식B,"35,000원"
"(77,)",오마카세 요리,"60,000원"
"(77,)",혼마구로 배꼽살,"6,000원"
"(77,)",혼마구로 가마도로,"4,500원"
"(79,)",설렁탕,"9,000원"
"(79,)",꼬리곰탕,"23,000원"
"(79,)",갈비탕,"13,000원"
"(79,)",도가니탕,"18,000원"
"(79,)",꼬리찜,"69,000원"
"(79,)",갈비찜,"60,000원"
"(81,)",푸팟퐁커리,"28,000원"
"(81,)",나시고랭,변동
"(81,)",크림새우,"25,000원"
"(81,)",쉬림프 팟타이,변동
"(81,)",반포6 쌀국수,"10,000원"
"(81,)",분짜 샐러드,"18,000원"
"(81,)",반쎄오,"15,000원"
"(81,)",월남쌈 2인 세트,"38,000원"
"(82,)",아이스 아메리카노,"3,500원"
"(83,)",점심특선,"13,000원"
"(83,)",생선회정식,"35,000원"
"(83,)",오마카세,"60,000원"
"(83,)",모둠생선회,"70,000원"
"(83,)",특생선회,"95,000원"
"(84,)",스콘+딸기콩포트+클로티드크림,"4,500원"
"(84,)",아인슈페너,"5,000원"
"(84,)",호두초코쿠기,"4,000원"
"(84,)",카페라떼,"5,300원"
"(84,)",필터커피(핸드드립),"5,000원"
"(84,)",딸기라떼 300ml/450ml,"5,000원"
"(84,)",흑임자크림라떼,"5,300원"
"(84,)",초코마약쿠키,"5,500원"
"(84,)",앙버터스콘,"5,000원"
"(84,)",갈릭스콘,"4,000원"
"(84,)",시나몬스콘,"4,000원"
"(84,)",살구스콘,"4,000원"
"(84,)",호두초코스콘,"4,500원"
"(84,)",크럼블스콘,"4,000원"
"(84,)",무화과유자크림스콘,"4,500원"
"(86,)",소고기 쌀국수,"7,500원"
"(87,)",연어장 정식,"18,000원"
"(87,)",차림정식,"29,000원"
"(87,)",해초고등어한상,"13,000원"
"(87,)",차림 정 특선,"59,000원"
"(87,)",남도보리굴비정식,"29,000원"
"(87,)",돌도다리전복특선,"69,000원"
"(88,)",모듬세트A(2인),"32,000원"
"(88,)",모듬세트B(3~4인),"45,000원"
"(88,)",숙성 육즙 목살,"12,000원"
"(88,)",숙성 통삼겹살,"12,000원"
"(88,)",숙성 항정살,"13,000원"
"(88,)",숙성 가브리살,"13,000원"
"(88,)",고추장삼겹살,"10,000원"
"(88,)",돼지껍데기,"6,000원"
"(88,)",냉면(물/비빔),"5,000원"
"(88,)",폭탄 치즈계란찜,"3,000원"
"(88,)",모듬야채,"3,000원"
"(88,)",영양돌솥밥,"3,000원"
"(88,)",공기밥,"1,000원"
"(88,)",멸치국수,"4,000원"
"(91,)",치킨커틀렛,"9,500원"
"(91,)",얼큰영향탕면,"11,000원"
"(91,)",로제떡볶이,"13,000원"
"(91,)",새우크림치즈닭,"16,000원"
"(91,)",부채살토마토국물파스타,"11,000원"
"(92,)",평일점심,"29,000원"
"(92,)",평일저녁,"38,900원"
"(92,)",주말성인,"42,900원"
"(92,)",공휴일성인,"42,900원"
"(92,)",초등학생 평일,"22,000원"
"(92,)",초등학생 주말,"25,000원"
"(92,)",유아(36개월이상),"11,000원"
"(93,)",투뿔등심(250g),"55,000원"
"(93,)",원뿔안심(250g),"55,000원"
"(93,)",투뿔채끝(250g),"55,000원"
"(93,)",205등심(250g),"40,000원"
"(93,)",205안심(250g),"40,000원"
"(93,)",205채끝(250g),"40,000원"
"(93,)",한우갈비살(250g),"58,000원"
"(93,)",육회(200g),"20,000원"
"(93,)",치마살(250g),"60,000원"
"(93,)",스폐셜한마리(800g),"176,000원"
"(93,)",스페셜모듬(500g),"110,000원"
"(93,)",착한한마리(800g),"128,000원"
"(93,)",착한모둠(500g),"80,000원"
"(93,)",삼겹살(250g),"16,000원"
"(93,)",목살(250g),"16,000원"
"(94,)",아메리카노(HOT),"4,600원"
"(94,)",바닐라 라떼(HOT),"5,600원"
"(94,)",플레인 요거트 스무디,"6,200원"
"(95,)",푸아그라와 트러플의 로시니 쇠고기 스테이크,"45,000원"
"(95,)",시크릿코스,"58,000원"
"(95,)",치킨을 곁들인 시저 샐러드,"9,500원"
"(95,)",열대과일의 새우 마리네,"10,000원"
"(95,)",니스 풍의 참치 마리네,"12,000원"
"(95,)",부르고뉴 스타일의 달팽이 그라탱,"12,000원"
"(95,)",푸아그라 테린,"25,000원"
"(95,)",양송이 크림 스프,"5,000원"
"(95,)","마늘, 올리브, 고추 풍미의 버섯 스파게티","9,500원"
"(95,)","크림소스의 베이컨, 버섯 스파게티","13,500원"
"(95,)",토마토소스의 해산물 스파게티,"14,500원"
"(95,)",유자소이소스의 연어구이,"20,000원"
"(95,)",렌틸과 크레송 퓌레의 가리비구이,"22,000원"
"(95,)",버섯 보리 리소토의 닭가슴살 수비드,"20,000원"
"(95,)",제철 채소를 곁들인 쇠고기 필렛 로스트,"29,000원"
"(96,)",특양,"20,000원"
"(96,)",한우대창,"12,000원"
"(96,)",막창,"12,000원"
"(96,)",곱창전골 중,"26,000원"
"(96,)",원조 오그락지 양밥(2인),"12,000원"
"(96,)",계란찜,"2,000원"
"(96,)",한우곱창 ,"18,000원"
"(99,)",아메리카노,"3,500원"
"(100,)",졸라크로플,"2,900원"
"(100,)",생딸기크로와상,"5,700원"
"(100,)",크로와상,"2,800원"
"(100,)",햄치즈크로와상,"4,000원"
"(100,)",공주밤식빵,"5,500원"
"(100,)",고르곤졸라크로와상,"3,900원"
"(101,)",무한리필 숯불돼지갈비,"13,500원"
"(101,)",숯불쭈꾸미,"9,900원"
"(101,)",소갈비살,"7,000원"
"(101,)",돼지껍데기,"3,000원"
"(101,)",된장찌개 1인,"2,000원"
"(101,)",김치찌개 1인,1원
"(103,)",찹쌀탕수육,"30,000원"
"(103,)",통전복짬뽕,"10,000원"
"(103,)",옛날짜장,"5,000원"
"(103,)",삼선해물홍합짬뽕,"7,000원"
"(103,)",삼선볶음밥,"7,000원"
"(103,)",어향동구,"45,000원"
"(103,)",칠리새우,"38,000원"
"(103,)",통낙지짬뽕,"10,000원"
"(103,)",동파육,"45,000원"
"(103,)",멘보샤,"45,000원"
"(103,)",잡탕밥,"17,000원"
"(103,)",잡채밥,"7,000원"
"(103,)",마파두부밥,"7,000원"
"(103,)",고추덮밥,"7,000원"
"(103,)",소고기덮밥,"10,000원"
"(104,)",런치모듬초밥(10개),"11,000원"
"(104,)",특선모듬초밥(12개),"16,000원"
"(104,)",스페셜초밥,"19,000원"
"(104,)",우동or모밀,"10,000원"
"(104,)",생대구탕,"12,000원"
"(104,)",알탕,"10,000원"
"(104,)",회덮밥,"10,000원"
"(104,)",Dinner 스페셜초밥,"19,000원"
"(104,)",광어초밥,"17,000원"
"(104,)",연어초밥,"17,000원"
"(104,)",와규스테이크초밥,"17,000원"
"(104,)",장새우초밥,"17,000원"
"(104,)",참치뱃살초밥,"25,000원"
"(104,)",반반초밥 광어(5pcs)+연어(5pcs),"17,000원"
"(104,)",스테이크(5pcs)+광어(pcs),"17,000원"
"(105,)",아메리카노(hot),"2,500원"
"(106,)",오늘한판,"14,000원"
"(106,)",연어반&소고기반,"16,500원"
"(106,)",제이드 런치 코스,"11,000원"
"(106,)",제이드 스시코스,"19,000원"
"(106,)",제이드 사시미코스,"24,000원"
"(106,)",제이드 오마카세,"50,000원"
"(106,)",모듬사시미 (중) 8종,"35,000원"
"(106,)",모듬사시미 (대) 9종,"45,000원"
"(106,)",모듬사시미 (특대) 9종,"60,000원"
"(106,)",生 연어사시미,"24,000원"
"(106,)",광어사시미,"29,000원"
"(106,)",生 연어사시미 & 광어사시미,"27,000원"
"(106,)",통새우장 9피스,"12,000원"
"(106,)",특선한판,"18,000원"
"(106,)",연어한판,"15,000원"
"(108,)",아메리카노,"2,000원"
"(108,)",시크릿 라떼,"2,900원"
"(108,)",슈 바닐라/초코,"1,500원"
"(108,)",허니 크로플,"2,900원"
"(108,)",떠블 딸기 라떼,"3,500원"
"(110,)",초밥한접시,"1,700원"
"(113,)",곱순닭갈비,변동
"(113,)",철판닭갈비,"8,500원"
"(113,)",갈비맛닭갈비,변동
"(113,)",갑오징어닭갈비,변동
"(113,)",메밀순막국수,"7,000원"
"(113,)",꼬막비빔밥,"10,000원"
"(113,)",꼬막무침,"17,000원"
"(113,)",감자만두,"5,000원"
"(113,)",주먹밥,"2,000원"
"(113,)",소주/맥주/막걸리,"4,000원"
"(113,)",음료,"2,000원"
"(115,)",수제마카롱(뚱카롱),"2,200원"
"(115,)",아메리카노,"1,500원"
"(115,)",꿀메리카노,"2,000원"
"(115,)",헤이즐넛아메리카노,"2,000원"
"(115,)",카페 라떼,"2,500원"
"(115,)",카푸치노,"2,500원"
"(115,)",바닐라 라떼,"3,000원"
"(115,)",헤이즐넛 라떼,"3,000원"
"(115,)",연유 라떼(베트남커피),"3,000원"
"(115,)",카페 모카,"3,000원"
"(115,)",카라멜마끼아또,"3,000원"
"(115,)",프리미엄 뉴욕치즈 케이크,"6,000원"
"(115,)",악마의 초코 케이크,"6,000원"
"(115,)",블랙포레스트 생크림 케이크,"5,500원"
"(115,)",당근 생크림 케이크,"5,500원"
"(116,)",마라탕,변동
"(117,)",신선설농탕,"8,000원"
"(117,)",떡만두설농탕,"9,000원"
"(117,)",마늘설농탕,"11,000원"
"(117,)",백세설농탕,"13,000원"
"(117,)",도가니탕,"18,000원"
"(118,)",남자탕,"8,000원"
"(118,)",남다른부대찌개(大),"34,000원"
"(118,)",남자와함께라면,"7,000원"
"(118,)",부대해장국,"9,000원"
"(118,)",남다른뼈전골(小),"28,000원"
"(118,)",남다른뼈전골(中),"33,000원"
"(118,)",남다른뼈전골(大),"38,000원"
"(118,)",남다른부대찌개(中),"27,000원"
"(118,)",차돌김치뼈전골(小),"28,000원"
"(118,)",차돌김치뼈전골(中),"38,000원"
"(118,)",차돌김치뼈전골(大),"48,000원"
"(118,)",여신뼈찜세트(中),"30,000원"
"(118,)",여신뼈찜세트(大),"40,000원"
"(118,)",철판뼈찜(中),"30,000원"
"(118,)",철판뼈찜(大),"37,000원"
"(119,)",치즈돈까스 우동정식,"8,000원"
"(119,)",돈까스 우동정식,"7,000원"
"(119,)",생선까스 우동정식,"7,000원"
"(119,)",김치치즈 가쯔나베,"7,000원"
"(119,)",치즈 가쯔나베,"7,000원"
"(119,)",새우카레 덮밥,"6,500원"
"(119,)",돈까스 김치우동,"6,500원"
"(119,)",돈까스알밥 우동정식,"6,500원"
"(119,)",돈까스 모밀정식,"6,500원"
"(119,)",돌솥 알밥우동,"6,000원"
"(119,)",안심카레 덮밥,"6,000원"
"(119,)",회덮밥,"6,000원"
"(119,)",냉모밀,"5,000원"
"(119,)",모밀,"4,500원"
"(119,)",튀김우동,"4,500원"
"(120,)",나이스라이스,"4,000원"
"(120,)",누들두들,"4,000원"
"(120,)",더비라이스,"4,000원"
"(123,)",소고기/매운닭쌀국수,"7,000원"
"(123,)",팟키마오,"10,800원"
"(123,)",톰양쌀국수,"10,800원"
"(123,)",팟씨유,"9,800원"
"(123,)",해물팟타이,"9,800원"
"(123,)",칠리팟타이,"9,800원"
"(123,)",소고기비빔쌀국수,"9,800원"
"(123,)",무쌉,"9,800원"
"(123,)",닭가슴살볶음밥,"9,800원"
"(123,)",파인애플볶음밥,"10,800원"
"(123,)",소고기 or 해물 볶음밥,"9,800원"
"(123,)",그린커리,"9,800원"
"(123,)",스프링롤,"8,000원"
"(123,)",쏨땀,"8,000원"
"(123,)",텃만꿍(3p),"5,000원"
"(124,)",육전,"15,000원"
"(124,)",새우전,"15,000원"
"(124,)",꼬막전,"15,000원"
"(124,)",생굴전,"15,000원"
"(124,)",깻잎전,"13,000원"
"(127,)",빅맥® 세트,변동
"(127,)",맥스파이시® 상하이 버거 세트,변동
"(127,)",1955 버거™ 세트,변동
"(127,)",불고기 버거 세트,변동
"(127,)",슈슈 버거 세트,변동
"(127,)",베이컨 토마토 디럭스 세트,변동
"(128,)",경성함바그,"11,900원"
"(128,)",클래식함바그,"12,900원"
"(128,)",크림소스 함바그,"13,900원"
"(128,)",로제소스 함바그,"13,900원"
"(128,)",왕새우카레함바그,"13,900원"
"(128,)",토마토소스 함바그,"11,900원"
"(128,)",프리미엄스테이크콤보,"16,900원"
"(128,)",토마토오븐파스타,"12,900원"
"(128,)",크림치즈파스타,"13,400원"
"(128,)",토마토 함바그 피자,"13,900원"
"(129,)",미가헌 만두전골,"10,000원"
"(129,)",만두칼국수,"7,500원"
"(129,)",떡만두국,"7,500원"
"(129,)",수제만두(고기/김치) 6개,"5,000원"
"(129,)",수제튀김만두 6개,"5,000원"
"(132,)",야채곱창볶음,"9,000원"
"(132,)",알곱창볶음,"9,000원"
"(132,)",지리산흑돼지,"16,000원"
"(135,)",뉴욕 한판 찹 스테이크,"9,900원"
"(135,)",부채살 철판 스테이크,"10,900원"
"(135,)",목살 스테이크,"8,900원"
"(135,)",통오징어 떡볶이,"12,900원"
"(135,)",쉬림프 필라프,"7,900원"
"(135,)",불고기 필라프,"7,900원"
"(135,)",로제 쉬림프 파스타,"7,900원"
"(135,)",고르곤졸라 피자,"10,900원"
"(136,)",스테이크,변동
"(136,)",순살 닭볶음탕 한상,"7,500원"
"(136,)",순살 갈비찜 한상,"8,000원"
"(136,)",찹스테이크 한상,"11,000원"
"(138,)",아메리카노,"3,200원"
"(138,)",에스프레소,"2,800원"
"(138,)",카페라떼,"3,700원"
"(138,)",카푸치노,"3,700원"
"(138,)",바닐라라떼,"4,000원"
"(139,)",하노이 직화 분짜,"14,000원"
"(139,)",하노이 차돌 쌀국수,"12,500원"
"(139,)",하노이 쌀국수,"9,500원"
"(139,)",남방풍 매운 쌀국수,"10,500원"
"(139,)",하노이 분보남보,"12,500원"
"(139,)",느억맘 볶음밥,"9,500원"
"(139,)",그릴드 비프 반미&웨지,"11,500원"
"(139,)",넴(짜조),"7,000원"
"(139,)",느억맘 닭날개 튀김,"8,000원"
"(139,)",카오팟 무쌈,"10,500원"
"(139,)",싸오(모닝글로리),"8,000원"
"(140,)",양꼬치,"12,000원"
"(141,)",보리굴비정식,"20,000원"
"(141,)",영광굴비정식,"13,000원"
"(141,)",병어조림(2인상),"15,000원"
"(141,)",홍어사시미(대),"70,000원"
"(141,)",홍어사시미(중),"50,000원"
"(141,)",낙지탕탕이,변동
"(141,)",(계절메뉴)민어회.민어탕,변동
"(141,)",(계절메뉴)벌교꼬막,변동
"(141,)",(계절메뉴)생굴,변동
"(141,)",(생굴무침),변동
"(141,)",병어회,"30,000원"
"(141,)",병어회무침,"35,000원"
"(141,)",갈치조림 (중),"40,000원"
"(141,)",갈치조림 (대),"60,000원"
"(142,)",떡볶이+만두2장 1인분,"4,000원"
"(142,)",떡볶이+만두3장,"6,000원"
"(142,)",순대,"4,000원"
"(142,)",계란,500원
"(142,)",만두추가,"1,000원"
"(143,)",야채닭갈비,"10,000원"
"(143,)",볶음밥,"2,000원"
"(145,)",갈릭피뇨,"12,000원"
"(145,)",관자새우페스토,"14,000원"
"(145,)",새우라구라구,"14,000원"
"(145,)",해산물파스타,"14,000원"
"(145,)",스파이시 볼로네제,"14,000원"
"(145,)",새우 날치알 크림 파스타,"14,000원"
"(145,)",비프치즈크림파스타,"15,000원"
"(145,)",베이컨머쉬룸,"14,000원"
"(145,)",그란치오,"14,000원"
"(145,)",비프스테이크 리조또,"18,000원"
"(145,)",해산물토마토 리조또,"14,000원"
"(145,)",버섯리조또,"14,000원"
"(145,)",이베리코 스테이크,"24,000원"
"(145,)",채끝등심 스테이크,"34,000원"
"(145,)",감바스,"18,000원"
"(147,)",커플세트A,"26,800원"
"(147,)",커플세트B,"34,100원"
"(147,)",뽀모도로,"9,900원"
"(147,)",버섯 크림 파스타,"10,900원"
"(147,)",빠네,"13,500원"
"(147,)",게살로제 파스타,"12,800원"
"(147,)",목살 김치 필라프,"9,900원"
"(147,)",해산물 필라프,"9,900원"
"(147,)",마르게리타 피자,"14,800원"
"(147,)",고르곤졸라 피자,"14,800원"
"(147,)",부채살 스테이크,"19,800원"
"(147,)",바베큐 폭립 스테이크,"22,800원"
"(147,)",뚝배기 파스타,"13,800원"
"(148,)",규동,"7,500원"
"(148,)",치킨가라아게동,"7,000원"
"(148,)",에비동,"9,000원"
"(148,)",카츠동,"7,000원"
"(148,)",차슈동,"7,500원"
"(148,)",수제 생등심 돈가츠,"8,000원"
"(148,)",치즈돈가츠,"8,500원"
"(148,)",꽃히다 정식,"12,000원"
"(148,)",나가사키 해물짬봉,"7,500원"
"(149,)",텃만꿍,"12,000원"
"(149,)",똠얌꿍,"20,000원"
"(149,)",뿌님팟퐁커리,"35,000원"
"(149,)",소고기쌀국수,"10,900원"
"(149,)",똠얌쌀국수,"12,900원"
"(150,)","목살 ,항정살, 안갈비살","14,000원"
"(150,)",비빔국수,"5,000원"
"(150,)",멸치국수,"5,000원"
"(150,)",목살 볶음밥,"5,000원"
"(150,)",해물 된장 뚝배기,"8,000원"
"(150,)",골뱅이 쫄면,"10,000원"
"(152,)",전복죽,"11,000원"
"(152,)",6쪽마늘닭죽,"11,000원"
"(152,)",트러플전복죽,"16,000원"
"(152,)",홍게품은죽,"13,000원"
"(152,)",쇠고기야채죽,"9,000원"
"(152,)",자연송이쇠고기죽,"13,000원"
"(152,)",삼계죽,"11,000원"
"(152,)",삼계전복죽,"15,000원"
"(152,)",낙지김치죽,"9,500원"
"(152,)",7가지야채죽,"8,000원"
"(152,)",신짬뽕죽,"10,000원"
"(152,)",불낙죽,"11,000원"
"(152,)",해물죽,"10,000원"
"(152,)",단호박죽,"9,000원"
"(152,)",동지팥죽,"9,000원"
"(153,)",한우암소 200g,"38,000원"
"(153,)",된장찌개(후식),"10,000원"
"(153,)",김치말이국수(후식),"3,000원"
"(154,)",추어탕,"10,000원"
"(154,)",세트메뉴(1인),"14,000원"
"(154,)",추어고추군만두,"6,000원"
"(154,)",등심돈가스,"8,000원"
"(154,)",모듬튀김,"15,000원"
"(154,)",인삼튀김,"10,000원"
"(154,)",활력보감 세트(2인),"27,000원"
"(156,)",소고기 샤브,"9,900원"
"(156,)",소고기 토마토샤브,"10,900원"
"(156,)",소고기 커리샤브,"10,900원"
"(156,)",한우샤브,"15,900원"
"(157,)",소고기 야채 샤브,"9,500원"
"(157,)",소고기 야채 샤브(특),"11,000원"
"(157,)",피쉬볼 소고기야채 샤브,"11,000원"
"(157,)",마라훠궈,"12,000원"
"(157,)",소고기추가,"5,000원"
"(157,)",야채추가,"3,000원"
"(161,)",돼지불백(200g),"8,000원"
"(161,)",돼지불백 특(300g),"11,000원"
"(161,)",고기추가 200g,"6,000원"
"(161,)",소주 ,"4,000원"
"(161,)",맥주,"4,000원"
"(161,)",음료,"1,000원"
"(161,)",TAKE OUT 포장용기,500원
"(161,)",막걸리,"3,000원"
"(164,)",낙곱새,"10,000원"
"(164,)",용호전골-소,"38,000원"
"(164,)",낙새,"9,000원"
"(164,)",용호전골-대,"48,000원"
"(164,)","사리-라면,우동,당면,만두","2,000원"
"(164,)","소주,맥주,막걸리","4,000원"
"(164,)",음료수,"2,000원"
"(164,)",낙곱새2인+새우튀김,"31,000원"
"(164,)",낙차새 2인+새우튀김,"33,000원"
"(164,)",낙새 2인+새우튀김,"29,000원"
"(164,)",용호전골+새우튀김 소,"49,000원"
"(164,)",용호전골+새우튀김 대,"59,000원"
"(167,)",아보카도치킨샐러드,"9,500원"
"(167,)",연어&아보카도샐러드,"9,500원"
"(167,)",카펠리니&불고기샐러드,"8,500원"
"(167,)",베이크두부샐러드,"7,900원"
"(167,)",레인보우시즈널샐러드,"6,500원"
"(167,)",펌킨스프,"3,000원"
"(167,)",베이컨콘스프,"3,000원"
"(167,)",치킨토마토스튜,"3,000원"
"(167,)",브로콜리&머쉬룸스프,"3,000원"
"(167,)",아보카도에그샌드,"3,500원"
"(167,)",현미-롤 4P,"6,000원"
"(167,)",빠네스프(feat.깜빠뉴&베이컨콘스프),"8,500원"
"(167,)",냉우동샐러드,"8,900원"
"(167,)",닭가슴살샌드,"4,000원"
"(171,)",풍미족발(뒷다리),"29,000~38,000"
"(171,)",불족발,"30,000~39,000"
"(171,)",마늘족발,"30,000~39,000"
"(171,)",쫄았불족,"36,000원"
"(171,)",도삭멘 냉채족발,"36,000원"
"(171,)",반반족발,"41,000~57,000"
"(171,)",족발+보쌈세트,"41,000~52,000"
"(171,)",풍미보쌈,"27,000~36,000"
"(171,)",불보쌈,"28,000~37,000"
"(171,)",매운보쌈,"28,000~37,000"
"(171,)",마늘보쌈,"28,000~37,000"
"(171,)",반반보쌈,"33,000~38,000"
"(171,)",혼술세트,"25,000원"
"(171,)",쟁반막국수,"6,000~9,000"
"(171,)",해물순두부찌개,"10,000원"
"(173,)",얌얌김밥,"2,500원"
"(173,)",치즈김밥,"3,000원"
"(173,)",참치김밥,"4,000원"
"(173,)",매운고추김밥,"3,500원"
"(173,)",참치치즈김밥,"4,000원"
"(173,)",꼬마 5줄,"3,000원"
"(173,)",꼬마 8줄,"4,500원"
"(173,)",꼬마 13줄,"7,000원"
"(173,)",오뎅,"3,000원"
"(173,)",떡볶이,"3,000원"
"(173,)",치즈떡볶이,"5,000원"
"(173,)",라볶이,"3,500원"
"(173,)",치즈라볶이,"4,000원"
"(173,)",라면,"3,000원"
"(173,)",치즈라면,"3,500원"
"(175,)",모듬초밥,"15,000원"
"(175,)",특초밥,"18,000원"
"(175,)",알탕,"7,000원"
"(175,)",알밥,"6,000원"
"(175,)",회덮밥,"7,000원"
"(175,)",회덮밥세트,"8,000원"
"(175,)",새우튀김,"13,000원"
"(175,)",해산물샐러드,"12,000원"
"(175,)",모듬튀김,"15,000원"
"(175,)",도미연어 머리구이,"12,000원"
"(175,)",시샤모구이,"12,000원"
"(175,)",메로구이,"16,000원"
"(175,)",삼겹살숙주볶음,"15,000원"
"(175,)",해물야끼우동,"15,000원"
"(175,)",런치초밥,"10,000원"
"(176,)",썸머라떼,"5,500원"
"(176,)",크림아트비엔나,"6,500원"
"(176,)",에스프레소,"3,800원"
"(176,)",아메리카노,"3,800원"
"(176,)",카페라떼,"4,300원"
"(176,)",카푸치노,"4,300원"
"(176,)",바닐라라떼,"4,500원"
"(176,)",카페모카,"4,500원"
"(176,)",꿀마끼아또,"4,800원"
"(176,)",아포가토,"5,500원"
"(176,)",음료리필(아메리카노),"1,000원"
"(176,)",그린티라떼,"4,800원"
"(176,)",초콜릿라떼,"4,800원"
"(176,)",밀크티,"5,000원"
"(176,)",고구마라떼(겨울),"5,000원"
"(178,)",바지락칼국수,"7,000원"
"(178,)",얼큰 바지락칼국수,"7,000원"
"(178,)",칼제비,"7,000원"
"(178,)",손만두국,"7,000원"
"(178,)",얼큰 손만두국,"7,000원"
"(178,)",떡만두국,"7,000원"
"(178,)",칼만두,"7,000원"
"(178,)",찐만두,"6,000원"
"(178,)",생만두,"6,000원"
"(178,)",들깨칼국수,"7,000원"
"(178,)",새알팥죽,"7,000원"
"(178,)",팥칼국수,"7,000원"
"(178,)",검정콩국수,"7,000원"
"(178,)",김치판매 1kg,"8,000원"
"(179,)",대게 코스,"80,000원"
"(179,)",랍스타 코스,"75,000원"
"(179,)",킹크랩 코스,변동
"(179,)",스폐셜 A코스 ,"120,000원"
"(179,)",스폐셜 B코스 ,"100,000원"
"(179,)",대게/랍스타 정식,"60,000원"
"(179,)",패밀리 정식,"50,000원"
"(180,)",소곱창,"15,000원"
"(180,)",소대창,"15,000원"
"(180,)",소막창,"15,000원"
"(180,)",모둠곱창,"16,000원"
"(180,)",볶음밥,"3,000원"
"(181,)",양꼬치,"11,000원"
"(181,)",양갈비살,"13,000원"
"(181,)",양쪽갈비,"20,000원"
"(181,)",고급양갈비,"25,000원"
"(181,)",꿔바로우,"15,000원"
"(181,)",마파두부,"10,000원"
"(181,)",지삼선,"12,000원"
"(181,)",향라대하,"15,000원"
"(181,)",경장육슬,"15,000원"
"(181,)",바지락볶음,"15,000원"
"(181,)",옥수수냉/온면,"5,000원"
"(181,)",볶음밥,"5,000원"
"(181,)",자연송이버섯짬뽕,"8,000원"
"(181,)",물만두,"5,000원"
"(181,)",마라룽샤,"25,000원"
"(184,)",양암소한마리 600g,"52,000원"
"(184,)",양꼬치,"8,000원"
"(184,)",암소한마리 600g,"50,000원"
"(184,)",모둠1인분 200g,"17,000원"
"(184,)",등골 200g,"20,000원"
"(191,)",숯불양념닭갈비,"12,000원"
"(191,)",숯불소금닭갈비,"12,000원"
"(191,)",매운무뼈닭발,"14,000원"
"(191,)",닭똥집,"12,000원"
"(191,)",오돌뼈,"12,000원"
"(193,)",생등심 투플 500g,"65,000원"
"(193,)",생등심 믹스 500g,"60,000원"
"(193,)",생등심 원플 500g,"55,000원"
"(193,)",육사시미 250g,"25,000원"
"(193,)",육회 250g,"25,000원"
"(193,)",황소곱창전골,"12,000원"
"(193,)",차돌된장찌개,"6,000원"
"(193,)",순두부찌개,"6,000원"
"(194,)",선지국 2인분,"6,000원"
"(194,)",도가니 사골곰탕 2인분,"8,000원"
"(194,)",선지국 4인분,"9,000원"
"(194,)",선지국 5인분,"11,000원"
"(194,)",육개장 2인분,"7,000원"
"(194,)",육개장 4인분,"10,000원"
"(194,)",육개장 5인분,"12,000원"
"(194,)",추어탕 2인분,"7,000원"
"(194,)",추어탕 4인분,"10,000원"
"(194,)",추어탕 5인분,"12,000원"
"(194,)",뼈다귀 해장국 2인분,"7,000원"
"(194,)",뼈다귀 해장국 3인분,"10,000원"
"(194,)",뼈다귀 해장국 4인분,"13,000원"
"(194,)",도가니 사골곰탕 5인분,"15,000원"
"(195,)",파김치주물럭,"9,000원"
"(195,)",매운쭈꾸미,"9,000원"
"(195,)",쭈물럭,"9,000원"
"(195,)",흑백집 김치전골,"9,000원"
"(195,)",냉동삼겹살,"10,000원"
"(195,)",쭈꾸미 삼겹살,"12,000원"
"(196,)",낙지전골 소,"26,000원"
"(196,)",낙지볶음 소,"25,000원"
"(196,)",김치전골 소,"19,000원"
"(196,)",된장전골 소,"19,000원"
"(196,)",조기매운탕 소,"26,000원"
"(196,)",제육볶음 소,"24,000원"
"(196,)",꽃게탕 소,"35,000원"
"(196,)",닭볶음탕 소,"27,000원"
"(196,)",게란찜,"4,000원"
"(196,)",조기구이,"4,000원"
"(197,)",에스프레소,"3,200원"
"(197,)",아메리카노,"3,200원"
"(197,)",카페라떼,"3,500원"
"(197,)",바닐라라떼,"3,500원"
"(197,)",카페모카,"3,700원"
"(198,)",풍기파스타,"8,500원"
"(198,)",까르보나라,"9,500원"
"(198,)",시푸드파스타,"11,500원"
"(199,)",숙성삼겹,"13,000원"
"(199,)",와규엄선,"19,000원"
"(199,)",황제덧살,"14,000원"
"(199,)",바지락 된장찌개,"4,000원"
"(199,)",뚝배기 순두부,"4,500원"
"(199,)",김치말이(물/비빔),"5,000원"
"(199,)",청어알 비빔밥,"4,500원"
"(199,)",계란찜,"3,000원"
"(199,)",칼국수/수제비/묵사리,"2,000원"
"(199,)",흑미밥,"1,000원"
"(199,)",참이슬/처음처럼,"4,000원"
"(199,)",청하,"4,000원"
"(199,)",카스/하이트/테라,"4,500원"
"(199,)",매화수,"5,000원"
"(199,)",콜라/사이다,"1,000원"
"(200,)",무한리필 숯불돼지갈비,"13,500원"
"(200,)",소갈비살,"7,000원"
"(200,)",돼지껍데기,"3,000원"
"(200,)",무한리필숯불돼지갈비 8-10세,"8,000원"
"(200,)",무한리필돼지갈비 5-7세,"6,000원"
"(201,)",자장면,"5,500원"
"(201,)",간자장,"6,500원"
"(201,)",고추자장,"7,000원"
"(201,)",삼선자장,"7,500원"
"(201,)",짬뽕,"7,000원"
"(202,)",빅맥® 세트,변동
"(202,)",맥스파이시® 상하이 버거 세트,변동
"(202,)",1955 버거™ 세트,변동
"(202,)",불고기 버거 세트,변동
"(202,)",슈슈 버거 세트,변동
"(202,)",베이컨 토마토 디럭스 세트,변동
"(203,)",물냉면,"5,000원"
"(203,)",비빔냉면,"5,000원"
"(203,)","불냉면 (물,비빔 선택)","5,000원"
"(203,)",열무냉면,"6,000원"
"(203,)",황태칼국수,"5,000원"
"(203,)",바지락칼국수,"6,000원"
"(203,)",얼큰칼국수,"6,000원"
"(203,)",만두칼국수,"6,000원"
"(206,)",민트초코,"5,800원"
"(206,)",딸기스무디,"5,600원"
"(206,)",초콜릿 스무디,"5,700원"
"(206,)",자바칩 스무디,"5,700원"
"(206,)",솜사탕,"5,600원"
"(209,)",콩피 삼겹,"24,000원"
"(209,)",쉬림프 알리오 올리오,"8,000원"
"(209,)",허니갈릭 콩피 삼겹,"25,500원"
"(209,)",스파이시 토마토 콩피 삼겹,"25,500원"
"(209,)",봉골레 파스타,"7,500원"
"(209,)",베이컨 토마토 파스타,"7,500원"
"(209,)",송이버섯 크림 파스타,"8,000원"
"(209,)",쉬림프 로제 파스타,"10,000원"
"(209,)",짬뽕 파스타,"7,500원"
"(209,)",베이컨 버터갈릭 라이스,"7,500원"
"(209,)",굴 크림 리조또,"9,500원"
"(209,)",비프 토마토 리조또,"8,500원"
"(209,)",해산물 버터갈릭 라이스,"9,500원"
"(209,)",라따뚜이,"8,500원"
"(209,)",프리타타,"7,000원"
"(210,)",미니연포탕술국,"15,000원"
"(210,)",갑오징어숙회 ,"18,000원"
"(210,)",깁오징어철판,"30,000원"
"(210,)",연포탕,"45,000원"
"(210,)",산낙지철판,"45,000원"
"(210,)",돈소라소면,"23,000원"
"(210,)",알탕술국,"15,000원"
"(210,)",대구탕술국,"15,000원"
"(212,)",돼지생갈비,"12,000원"
"(212,)",돼지생목살,"12,000원"
"(212,)",돼지생삼겹,"12,000원"
"(213,)",무한리필 숯불돼지갈비,"13,500원"
"(213,)",소갈비살,"7,000원"
"(213,)",돼지껍데기,"3,000원"
"(213,)",숯불쭈꾸미,"9,900원"
"(214,)",순대국,"6,000원"
"(214,)",정식,"7,000원"
"(215,)",서울 한국수,"7,000원"
"(215,)",강릉 장칼국수,"7,000원"
"(215,)",천안 석갈비,"12,000원"
"(215,)",부안 토마토 닭도리탕,"29,000원"
"(215,)",구룡포 모리국수,"8,000원"
"(215,)",전주 들깨칼국수,"7,000원"
"(215,)",제주식 고기국수,"8,000원"
"(215,)",부산 밀면 (물),"6,500원"
"(215,)",부산 밀면 (비빔),"7,000원"
"(215,)",속초 명태회막국수 (물),"7,500원"
"(215,)",속초 명태회막국수 (비빔),"8,000원"
"(215,)",밀양 돼지국밥,"8,000원"
"(215,)",대관령 황태해장국,"8,000원"
"(215,)",포항 해물국밥,"8,000원"
"(215,)",담양 떡갈비정식,"9,500원"
"(216,)",염소탕,"12,000원"
"(216,)",염소수육,"55,000원"
"(216,)",염소특탕,"15,000원"
"(216,)",염소곰탕,"12,000원"
"(216,)",염소불고기,"23,000원"
"(216,)",염소전골,"32,000원"
"(216,)",염소갈비수육,"65,000원"
"(216,)",삼계탕 ,"12,000원"
"(216,)",볶음밥 ,"3,000원"
"(216,)",공깃밥,"1,000원"
"(216,)","소주,맥주","4,000원"
"(216,)",야관문주,"6,000원"
"(217,)",삼계탕,"13,000원"
"(217,)",반계탕,"7,500원"
"(217,)",한방삼계탕,"14,000원"
"(217,)",한방반계탕,"8,000원"
"(217,)",닭볶음탕,"7,500원"
"(217,)",한방인삼죽,"7,000원"
"(217,)",버섯야채죽,"7,000원"
"(217,)",전복죽,"10,000원"
"(217,)",닭한마리,"23,000~30,000"
"(217,)",닭매운탕,"25,000~35,000"
"(217,)",누리찜닭,"25,000~35,000"
"(217,)",누리불닭,"20,000~30,000"
"(217,)",왕계란말이 ,"8,000원"
"(217,)",레몬소스강정,"13,000원"
"(218,)",생삼겹살,"14,000원"
"(218,)",모듬한판,"41,000원"
"(218,)",특목살,"14,000원"
"(218,)",생갈비,"14,000원"
"(218,)",항정살,"15,000원"
"(218,)",갈매기살,"14,000원"
"(218,)",가브리살,"14,000원"
"(218,)",특별한판,"57,000원"
"(222,)",Drip 밀 [蜜] ,"5,000원"
"(222,)",더치 밀,"5,500원"
"(222,)",더치 화,"6,000원"
"(222,)",더치 아인슈페너,"6,000원"
"(222,)",카페라떼,"5,500원"
"(222,)",쇼콜라라떼,"6,000원"
"(223,)",유황오리 누룽지,"55,000원"
"(223,)",유황옻오리/토종옻닭,"55,000원"
"(223,)",능이오리백숙,"65,000원"
"(223,)",토종닭묵은지볶음탕,"50,000원"
"(223,)",유황오리 생 부추구이 대,"50,000원"
"(223,)",유황오리 통훈제구이 대,"50,000원"
"(224,)",곱창볶음,"9,000원"
"(224,)",철판닭갈비,"9,000원"
"(224,)",뼈없는닭발,"9,000원"
"(224,)",막창볶음,"11,000원"
"(224,)",닭발볶음,"9,000원"
"(225,)",1+ 모듬근고기 (600g),"38,000원"
"(225,)",1+ 통삽겹살 (180g),"13,000원"
"(225,)",1+ 특목살 (180g),"13,000원"
"(225,)",1+ 제주뒷고기 (180g),"12,000원"
"(225,)",1+ 두툼껍데기(180g),"8,000원"
"(225,)",1+ 차돌박이(150g),"13,000원"
"(225,)",1+제주특가브리살(180g),"13,000원"
"(226,)",모듬곱창,"15,900원"
"(227,)",피자,변동
"(228,)",치즈닭갈비,"30,000원"
"(228,)",마약치즈닭갈비,"31,000원"
"(228,)",닭쌈안주,"25,000원"
"(228,)",코다리찜,"20,000원"
"(228,)",국물닭발,"18,000원"
"(228,)",고갈비구이(점심),"7,000원"
"(228,)",제육직화(점심),"7,000원"
"(228,)",오징어볶음(점심),"8,000원"
"(228,)",열무국수(점심),"6,000원"
"(228,)",철판닭갈비,"11,000원"
"(228,)",묵은지닭도리탕,"26,000원"
"(228,)",마약묵은지닭도리탕,"27,000원"
"(228,)",마약닭갈비,"23,000원"
"(228,)",마약떡볶이,"15,000원"
"(231,)",평일런치,"11,800원"
"(231,)",평일디너,"12,800원"
"(231,)",주말및 공휴일,"13,800원"
"(232,)",수제항아리갈비,"7,900원"
"(232,)",도둑주먹고기,"7,900원"
"(232,)",양념소갈비살,"11,900원"
"(232,)",황제소갈비살,"11,900원"
"(232,)",꼬들덜미살,"9,900원"
"(232,)",달콤갈매기,"7,900원"
"(232,)",돼지껍데기,"6,900원"
"(232,)",옛날냉동삼겹살,"7,900원"
"(232,)",훈제돼지막창,"9,900원"
"(232,)",도둑육회,"9,900원"
"(232,)",낙지호롱구이,"7,900원"
"(232,)",명품살치살,"12,900원"
"(232,)",육회비빔밥,"7,000원"
"(232,)",계란찜,"3,000원"
"(232,)",냉면(물/비빔),"5,000원"
"(233,)",소갈비 350g,"27,000원"
"(233,)",돼지갈비 250g,"14,000원"
"(233,)",삼겹살 200g,"15,000원"
"(233,)",물냉면,"7,000원"
"(233,)",비빔냉면,"7,000원"
"(233,)",갈비탕,"9,000원"
"(234,)",살얼음 생맥주 500cc,"3,300원"
"(234,)",오징어입,"7,000원"
"(234,)",먹태,"13,000원"
"(234,)",옛날통닭,"12,000원"
"(234,)",치즈라볶이,"8,000원"
"(234,)",할매네 아귀튀김,"9,000원"
"(234,)",할매네 순대튀김,"6,000원"
"(235,)",탕수육 정식,"7,000원"
"(235,)",깐풍기정식,"7,000원"
"(235,)",팔보채 정식,"7,000원"
"(235,)",궈보로우 소,"16,000원"
"(235,)",양꼬치,"12,000원"
"(236,)",앙금플라워,변동
"(236,)",앙금레터링,변동
"(236,)",보자기케이크,변동
"(236,)",도라지정과,변동
"(238,)",동산미스페셜,"28,000원"
"(238,)",목살,"12,000원"
"(238,)",돼지왕갈비,"13,000원"
"(240,)",광화문짬뽕,"8,000원"
"(240,)",광화문자장면,"8,000원"
"(240,)",탕수육<중>,"15,000원"
"(240,)",깐풍기 ,"23,000원"
"(240,)",바게트멘보샤,"18,000원"
"(240,)",광화문짬뽕밥,"8,500원"
"(240,)",바삭군만두,"6,000원"
"(240,)",어향동고,"28,000원"
"(240,)",차돌박이숙주볶음,"23,000원"
"(241,)",[점심] 보자기비빔밥 세트,"20,000원"
"(241,)",완전소중한 꽃밥 ,"39,000원"
"(241,)",매콤 제육 비빔밥 세트 ,"20,000원"
"(241,)",황태만둣국 세트,"18,000원"
"(241,)",눈개승마 나물밥 세트,"18,000원"
"(241,)",수제맥주,"9,000원"
"(241,)",채식육개장 세트,"18,000원"
"(241,)",유기농한우떡불고기,"38,000원"
"(241,)",흑산도 우럭찜 ,"35,000원"
"(241,)",찬란한 고추잡채,"28,000원"
"(241,)",진피면역샐러드,"18,000원"
"(242,)",워터밀 플레이트,"17,900원"
"(242,)",핸드메이드 리코타 치즈 팬케이크와 선인장 시럽(메인),변동
"(242,)",새싹보리로 만든 브리오슈 프렌치 토스트(메인),변동
"(242,)",쉬림프 에그 샌드위치(메인),변동
"(242,)",수제햄과 베이컨이 들어간 모짜렐라 치즈 오믈렛,변동
"(242,)",해산물 칠리 부야베스 숏 파스타,변동
"(242,)",해산물 바질페스토 리소토(메인),변동
"(242,)",버터구이 오징어와 오리엔탈 소스의 스파게티니(메인),변동
"(242,)",네가지 버섯이 들어간 트러플 크림 딸리아뗄레(메인),변동
"(242,)",레드페퍼 소스와 닭다리 살 스테이크(메인),변동
"(242,)",블랙페퍼 소스와 돼지 목살 스테이크(메인),변동
"(242,)",리코타 치즈 수경재배 샐러드(애피타이저),변동
"(242,)",단호박 크림 스프(애피타이저),변동
"(242,)",명란 감자 그라탱(애피타이저),변동
"(242,)",핸드메이드 해쉬 브라운(애피타이저),변동
"(243,)",허니치즈트랩,"7,500원"
"(243,)",블루나잇,"7,500원"
"(243,)",굿모닝 하바나,"7,500원"
"(243,)",바나나 푸딩,"7,500원"
"(243,)",딸기 레어 치즈,"7,500원"
"(243,)",허니그레이프,"7,500원"
"(243,)",아보카도 블랜디드,"7,900원"
"(244,)",아메리카노,"4,900원"
"(245,)",서울추어탕,"12,000원"
"(245,)",모둠전,"23,000원"
"(245,)",추어튀김,"28,000원"
"(245,)",턍평채,"18,000원"
"(245,)",버섯육개장,"12,000원"
"(245,)",남도 추어탕,"12,000원"
"(246,)",블란서미술관 1인 이용권(평일),변동
"(246,)",블란서미술관 1인 이용권(주말),변동
"(247,)",시그니쳐,"53,000원"
"(247,)",스페셜,"78,000원"
"(247,)",프리미엄,"140,000원"
"(248,)",백반,"8,000원"
"(249,)",J.alley오늘의 빵(4pcs),"2,000원"
"(249,)",오늘의 샐러드,"5,000원"
"(249,)",오징어 먹물 아란치니,"8,000원"
"(249,)",통 토마토 리코타 샐러드,"10,000원"
"(249,)",그릴드 치킨,"14,000원"
"(249,)",하몽 가지구이,"15,000원"
"(249,)",겉바속촉 문어,"14,000원"
"(249,)",허니 트러플향 감자튀김,"7,000원"
"(249,)",고대미 항정살 버섯 리조또,"24,000원"
"(249,)",차돌박이 라구,"22,000원"
"(249,)",해산물 로제,"21,000원"
"(249,)",쵸리조 알리올리오,"19,000원"
"(249,)",버섯 수란 베이컨 크림,"18,000원"
"(249,)",돈마호크 뼈등심,"33,000원"
"(249,)","[평일 점심]커피 & 차(hot,ice)","1,000원"
"(250,)",아메리카노,"4,500원"
"(250,)",카페라떼,"5,000원"
"(250,)",바닐라라떼,"5,500원"
"(250,)",플랫화이트,"5,000원"
"(250,)",크림라떼,"5,800원"
"(250,)",흑임자라떼,"5,800원"
"(250,)",율무라떼,"6,800원"
"(250,)",메밀차,"4,500원"
"(250,)",퐁당유과,"2,000원"
"(250,)",스콘,"2,500원"
"(250,)",슬로우라떼,"5,500원"
"(250,)",보이차,"4,500원"
"(250,)",크로플,"7,500원"
"(250,)",패션후르츠에이드,"6,500원"
"(250,)",율무라떼  HOT,"6,300원"
"(252,)",서울수육카츠,"25,900원"
"(252,)",서울족발카츠,"20,800원"
"(252,)",서울떡갈비카츠,"13,900원"
"(252,)",등심카츠,"14,900원"
"(252,)",안심카츠,"13,900원"
"(252,)",특등심카츠,"18,900원"
"(252,)",안심&등심카츠,"15,900원"
"(252,)",치즈카츠,"14,800원"
"(252,)",경양우동,"4,000원"
"(252,)",명란마요작은카츠볼6ea,"4,500원"
"(252,)",계란품은칠리카츠볼4ea,"4,500원"
"(252,)",새우튀김2ea,"5,000원"
"(252,)",단호박고로케4ea,"5,000원"
"(252,)",수제잔식혜,"3,500원"
"(252,)",라무네사이다,"4,000원"
"(253,)",나뭇잎 2인세트,"50,000원"
"(253,)",점심특선,"11,000원"
"(253,)",모듬초밥(점심),"16,000원"
"(253,)",나뭇잎초밥(점심),"21,000원"
"(253,)",스페셜초밥,"26,000원"
"(253,)",김치어묵우동,"9,000원"
"(253,)",감태후토마키,"11,000원"
"(253,)",도로스시,"27,000원"
"(253,)",광어10pcs,"19,000원"
"(253,)",연어10pcs,"17,000원"
"(253,)",도미10pcs,"20,000원"
"(253,)",초새우10pcs,"16,000원"
"(253,)",새우장,"10,000원"
"(253,)",나뭇잎사시미(2~3인),"75,000원"
"(253,)",특선사시미(2~3인),"60,000원"
"(254,)",오리지날 에그 수플레 카스텔라,"16,000원"
"(254,)",스톤 드립 커피,"5,800원"
"(254,)",쑥 수플레 카스텔라,"17,000원"
"(254,)",딸기 수플레 카스텔라,"18,000원"
"(254,)",말차 프로마쥬 케이크,"13,000원"
"(254,)",딸기 프로마쥬 케이크,"14,000원"
"(254,)",스톤 드립 계란 커피,"7,300원"
"(254,)",천혜향 청수 / 차,"7,500원"
"(254,)",자두 청수 / 차,"7,500원"
"(254,)",핸드 드립 어린 잎,"7,500원"
"(254,)",말차 우유,"7,000원"
"(254,)",말차 크림 우유,"7,500원"
"(254,)",핸드 드립 홍차,"7,500원"
"(254,)",홍차 우유,"7,000원"
"(254,)",홍차 크림 우유,"7,500원"
"(256,)",Cake,"6,500원"
"(256,)",Coffee,변동
"(256,)",Tea,변동
"(258,)",랑데자뷰,"7,000원"
"(258,)",밀크티,"7,000원"
"(258,)",아메리카노,"5,500원"
"(258,)",얼그레이케이크,"6,800원"
"(262,)",수제비,"9,000원"
"(262,)",찹쌀새알옹심이(1인분),"13,000원"
"(262,)",파전,"15,000원"
"(262,)",쭈꾸미볶음,"20,000원"
"(262,)",감자전,"10,000원"
"(262,)",녹두전,"15,000원"
"(263,)",등심 돈카츠 (220g),"13,000원"
"(263,)",안심 돈카츠 (220g),"14,000원"
"(263,)",등심+안심 돈카츠 (등심110g+안심150g),"18,000원"
"(263,)",스페셜 등심 돈카츠 (230g),"16,000원"
"(263,)",새우+등심 돈카츠 (2p+220g),"21,000원"
"(263,)",새우+안심 돈카츠 (2p+220g),"22,000원"
"(263,)",등심 돈카츠 카레 (120g),"13,000원"
"(263,)",안심 돈카츠 카레 (120g),"14,000원"
"(263,)",새우튀김 카레 (새우2P),"17,000원"
"(263,)",카레 추가 (단품),"5,000원"
"(263,)",멘치카츠 (180g),"17,000원"
"(263,)",치킨카츠 (180g),"15,000원"
"(263,)",치킨카츠 카레 (120g),"15,000원"
"(265,)",Croissant,"3,800원"
"(265,)",Gelato,"6,000원"
"(265,)",Gelato + 시식,"7,000원"
"(265,)",하몬 젤라또 크로아상 샌드위치,"15,000원"
"(265,)",젤라또 포장 S,"22,000원"
"(265,)",젤라또 포장 M,"28,000원"
"(265,)",젤라또 포장 L,"36,000원"
"(265,)",뺑오 초코,"4,200원"
"(265,)",에스프레소,"4,000원"
"(265,)",아메리카노,"4,000원"
"(265,)",플랫화이트,"5,000원"
"(265,)",타히티바닐라라떼,"5,800원"
"(265,)",젤라또1컵,"6,000원"
"(266,)",온천집 1인 미소 샤브,"17,000원"
"(266,)",비프 스테이크 정식,"22,000원"
"(266,)",온천집 수비드 수육,"28,000원"
"(266,)",트러플 튀김 덮밥,"17,000원"
"(266,)",북해도식 얼큰 샤브,"18,000원"
"(266,)",북해도식 1인 얼큰 샤브샤브 3단,"18,000원"
"(266,)",북해도식 1인 얼큰 샤브샤브 4단,"24,000원"
"(266,)",온천집 1인 된장 샤브샤브 3단,"17,000원"
"(266,)",온천집 1인 된장 샤브샤브 4단,"23,000원"
"(268,)",사사블랜딩-숲,"5,500원"
"(270,)",닭도리탕(소),"24,000원"
"(270,)",닭도리탕(중),"35,000원"
"(270,)",닭도리탕(대),"47,000원"
"(271,)",왕새우 아보 오픈 샌드위치,"13,000원"
"(271,)",1++한우 샌드위치,"14,500원"
"(271,)",리코타 베이컨 오픈 샌드위치,"12,500원"
"(271,)",생연어 아보 샌드위치,"14,500원"
"(271,)",머쉬룸 아보 오픈 샌드위치,"11,500원"
"(271,)",딸기 샌드위치,"9,500원"
"(271,)",단호박 닭가슴살 치아바타 샌드위치,"11,500원"
"(271,)",애플 브리치즈 치아바타 샌드위치,"11,000원"
"(271,)",수비드 닭가슴살 샐러드,"10,500원"
"(271,)",1++한우 샐러드,"13,000원"
"(271,)",생연어 샐러드_홀스레디쉬 드레싱,"13,000원"
"(271,)",왕새우 샐러드_스리라차 마요,"11,500원"
"(271,)",함박 스테이크,"13,500원"
"(271,)",애플 크로아상,"8,500원"
"(271,)",생과일 프렌치토스트,"10,000원"
"(272,)",에스프레소,"4,400원"
"(272,)",아메리카노,"4,400원"
"(272,)",카페라떼,"4,800원"
"(272,)",카푸치노,"4,800원"
"(272,)",바닐라라떼,"5,200원"
"(272,)",플랫화이트,"4,800원"
"(272,)",크루아상,"2,700원"
"(272,)",플레인스콘,"2,700원"
"(272,)",크림 치즈 타르트,"3,000원"
"(272,)",블루베리 파이,"4,300원"
"(273,)",브라우니,"4,500원"
"(273,)",레몬케이크,"4,000원"
"(273,)",아메리카노,"4,300원"
"(273,)",카페라떼,"5,000원"
"(273,)",바닐라라떼,"5,500원"
"(276,)",핑크에이드,"8,500원"
"(276,)",블랙라떼,"9,000원"
"(276,)",크렘브릘레 라떼,"9,000원"
"(276,)",아메리카노,"7,000원"
"(276,)",라떼,"7,500원"
"(278,)",통 등덧심살(170g),"16,000원"
"(278,)",커플세트,"48,000원"
"(278,)",실속세트,"59,000원"
"(278,)",회식세트,"74,000원"
"(278,)",1% 칼 삼겹살,"15,000원"
"(278,)",눈꽃항정살,"16,000원"
"(278,)",스텔라생맥주,"8,000원"
"(278,)",클라우드생맥주,"5,000원"
"(278,)",테라생맥주,"5,000원"
"(278,)",구워먹는 임실치즈,"9,000원"
"(278,)",1% 세트,"48,000원"
"(278,)",뼈갈비(250g),"25,000원"
"(278,)",된장술밥,"6,000원"
"(279,)",마스카포네 치즈 오믈렛,"15,000원"
"(279,)","양송이 크림소스의 살치살 스테이크, 꿀자몽","29,000원"
"(279,)",에그 베네딕트,"16,000원"
"(279,)",쉬림프 베이컨 에그피자,"15,000원"
"(279,)",플레인 프렌치 토스트,"12,000원"
"(279,)",바나나 프렌치 토스트,"14,000원"
"(279,)",바닐라 아이스크림 애플 콤포트 프렌치 토스트,"16,000원"
"(279,)",통로메인 시저 샐러드,"12,000원"
"(279,)",부라타 치즈 샐러드,"15,000원"
"(279,)",감바스 오일 파스타,"18,000원"
"(279,)",시즈닝 새우 로제 파스타,"18,000원"
"(279,)",쵸리조 오징어 먹물 리조또,"18,000원"
"(279,)",클래식 라자냐,"21,000원"
"(279,)","아보카도, 페퍼소스 치킨스테이크","23,000원"
"(279,)",이베리코 항정살 스테이크,"26,000원"
"(280,)",Lunch Course,"100,000원"
"(280,)",Dinner Course,"180,000원"
"(281,)",런치 카운터 오마카세,"50,000원"
"(281,)",디너 카운터 오마카세,"80,000원"
"(281,)",런치 스시코스,"35,000원"
"(281,)",런치 룸 사시미 오마카세,"80,000원"
"(281,)",디너 스시코스,"55,000원"
"(281,)",런치 오마카세,"50,000원"
"(281,)",런치 스시 오마카세,"70,000원"
"(281,)",런치 사시미 오마카세,"80,000원"
"(281,)",디너 사시미 오마카세,"120,000원"
"(282,)",BLACK COFFEE,"3,800원"
"(282,)",WHITE COFFEE,"4,500원"
"(282,)",HAND DRIP,"4,500원"
"(282,)",VARIATION,"5,000원"
"(282,)",PLAIN BAGEL,"2,500원"
"(282,)",OTHER BAGELS,"2,800원"
"(282,)",SPREAD,"2,000원"
"(282,)",ANBUTTER,"5,500원"
"(282,)",FOURB SET,"7,800원"
"(282,)",TODAY'S BAGEL,"4,000원"
"(282,)",ESPRESSO,"3,500원"
"(282,)",LONG BLACK,"3,500원"
"(282,)",DUTCH BLACK,"4,000원"
"(282,)",MOCHA,"5,000원"
"(282,)",AFFOGATO,"5,000원"
"(283,)",쑥블랜딩티(HOT/ICE),"5,000원"
"(283,)",쑥 크림차(HOT/ICE),"5,500원"
"(283,)",아메리카노(HOT/ICE),"4,500원"
"(283,)",신단쑥(only iced),"5,500원"
"(283,)",카페라떼(HOT/ICE),"5,000원"
"(283,)",리얼 바닐라(HOT/ICE),"5,500원"
"(284,)",런치,"14,000원"
"(284,)",2인스테이크 SET B,"50,000원"
"(284,)",마르게리따 피자,"15,000원"
"(284,)",깔조네 피자,"17,000원"
"(284,)",페스카토레,"16,000원"
"(284,)",치킨아라비아따,"16,000원"
"(284,)",페페론 알리오 올리오,"15,000원"
"(284,)",빠네스파게티,"16,000원"
"(284,)",오징어먹물리조또,"16,000원"
"(284,)",안심스테이크,"39,000원"
"(284,)",등심스테이크,"35,000원"
"(284,)",라자냐,"16,000원"
"(285,)",카페 플로트,"7,000원"
"(286,)",브라우니,"4,500원"
"(286,)",버터스콘,"3,300원"
"(286,)",당근케이크,"4,000원"
"(286,)",영국식 레몬 케이크,"4,000원"
"(286,)",오렌지 바닐라 케이크,"4,500원"
"(286,)",아메리카노,"4,300원"
"(286,)",카페라떼,"5,000원"
"(286,)",아인슈페너,"5,000원"
"(286,)",바닐라라떼,"5,500원"
"(286,)",잉글리쉬 티,"4,000원"
"(286,)",얼그레이 티,"4,000원"
"(287,)",토리빠이탄,"9,000원"
"(287,)",카라빠이탄,"9,000원"
"(287,)",쇼유라멘,"9,000원"
"(287,)",시오라멘,"9,000원"
"(289,)",정그리야 시그니처,"5,500원"
"(290,)",사골칼국수,"9,000원"
"(290,)",버섯전골,"16,000원"
"(290,)",왕만두국,"9,000원"
"(290,)",왕만두,"9,000원"
"(290,)",모듬전 중,"28,000원"
"(290,)",모듬전 대,"38,000원"
"(290,)",보쌈 중,"32,000원"
"(290,)",보쌈 대,"42,000원"
"(290,)",수육,"38,000원"
"(290,)",백수육,"43,000원"
"(290,)",콩국수,"11,000원"
"(292,)",개성 고기만두전골,"15,000원"
"(292,)",개성 김치만두전골,"17,000원"
"(292,)",조랭이떡 만두국,"8,000원"
"(292,)",가래떡 만두국,"11,000원"
"(292,)",김치가래떡만두국,"13,000원"
"(292,)",조랭이떡국,"8,000원"
"(292,)",가래떡국,"11,000원"
"(292,)",개성만두국,"8,000원"
"(292,)",개성김치만두국,"13,000원"
"(292,)",서리태콩국수(계절메뉴),"8,000원"
"(292,)",개성만두찜,"8,000원"
"(292,)",개성김치만두찜,"13,000원"
"(292,)",개성버섯만두찜,"13,000원"
"(292,)",모둠만두찜,"14,000원"
"(292,)",보쌈정식,"18,000원"
"(293,)",어향완자가지,"32,000원"
"(293,)",꿔바육 ,"21,000원"
"(293,)",티엔미미 철판볶음,"39,000원"
"(293,)",토마토탕면 ,"10,000원"
"(293,)",마파통두부,"24,000원"
"(293,)",라즈지,"28,000원"
"(293,)",홍소육 덮밥,"11,000원"
"(293,)",완자탕면,"10,000원"
"(293,)",하가우/부추,"8,000원"
"(293,)",춘권,"6,000원"
"(293,)",트러플 쇼마이,"8,000원"
"(294,)",아메리카노,"5,000원"
"(294,)",이탈리안 카푸치노,"5,300원"
"(294,)",에스프레소,"4,300원"
"(294,)",에스프레소 콘파냐,"4,800원"
"(294,)",코르타도,"5,000원"
"(294,)",플랫 화이트,"5,500원"
"(294,)",카페 라떼,"5,500원"
"(294,)",카푸치노,"5,500원"
"(294,)",바닐라 라떼,"6,000원"
"(294,)",어니언 카페 모카,"6,800원"
"(294,)",어니언 아인슈페너,"6,500원"
"(294,)",딸기 요거트,"6,500원"
"(294,)",베네수엘라 초콜렛 라떼,"6,800원"
"(294,)",밀크티,"6,500원"
"(294,)",패션후르츠 에이드,"6,500원"
"(295,)",냉메밀,"9,000원"
"(295,)",온메밀,"9,000원"
"(295,)",비빔메밀,"9,000원"
"(295,)",메밀 막국수,"9,000원"
"(295,)",메밀전병,"6,000원"
"(295,)",보쌈정식,"8,500원"
"(295,)",오뎅정식,"8,500원"
"(295,)",돌우동,"8,500원"
"(295,)",수제 돈까스,"9,000원"
"(295,)",미진 칼국수,"9,000원"
"(295,)",얼큰낙지칼국수,"10,000원"
"(295,)",메밀 해물전,"15,000원"
"(295,)",낙지버섯전골,"30,000원"
"(295,)",직화낙지볶음과 메밀,"25,000원"
"(295,)",스페셜 보쌈,"45,000원"
"(296,)",아메리카노,"5,000원"
"(296,)",라떼,"5,500원"
"(296,)",아인슈페너,"6,000원"
"(296,)",플랫화이트,"5,500원"
"(296,)",크림라떼,"6,000원"
"(297,)",스테이크 트러플 크림 파스타,"16,800원"
"(297,)",곱창 청양 크림 파스타,"19,800원"
"(297,)",매운 닭갈비 스테이크 크림파스타,"13,500원"
"(297,)",명란 크림 파스타,"14,000원"
"(297,)",우니 매생이 파스타,"15,300원"
"(297,)",갈릭 쉬림프 알리오 올리오,"13,800원"
"(297,)",비스크 로제 파스타,"15,300원"
"(297,)",미트볼 스파이시 파스타,"13,800원"
"(297,)",갈릭 스테이크 돈부리 라이스,"17,800원"
"(297,)",대창 매콤마라 돈부리 라이스,"18,900원"
"(297,)",연어 아보카도 돈부리 라이스,"15,500원"
"(297,)",갈릭 포크 돈부리 라이스,"13,500원"
"(297,)",갈릭 오야꼬 돈부리 라이스,"13,500원"
"(297,)",하우스 시저 샐러드,"9,000원"
"(297,)",차돌 오리엔탈 샐러드,"12,800원"
"(298,)",앙버터식빵,"4,500원"
"(298,)",인절미티라미수,"7,500원"
"(298,)",초코 꽈배기,"2,500원"
"(298,)",큐브 아이스크림,"2,000원"
"(298,)",비엔나 밀크티,"6,500원"
"(298,)",단호박 식혜,"6,500원"
"(298,)",컵아이스크림,"5,000원"
"(298,)",비엔나커피,"6,500원"
"(298,)",에스프레소,"5,000원"
"(298,)",아메리카노,"5,000원"
"(298,)",플랫화이트,"6,000원"
"(298,)",플랫그린티,"6,000원"
"(299,)",로스티드 치킨,"24,000원"
"(299,)",라구 파스타,"16,000원"
"(299,)",항정살 구이,"22,000원"
"(299,)",문어 바지락 파스타,"18,000원"
"(299,)",감자그라탕,"12,000원"
"(299,)",라따뚜이,"12,000원"
"(299,)",살치살 스테이크,"38,000원"
"(299,)",글라스 와인,"6,000원"
"(300,)",해장국(보통),"10,000원"
"(300,)",해장국(특),"12,000원"
"(300,)",안주국,"13,000원"
"(300,)",모듬수육,"35,000원"
"(300,)",양지수육,"50,000원"
"(300,)",내장수육,"28,000원"
"(300,)",따구국,"30,000원"
"(300,)",안주전골,"28,000원"
"(300,)",모듬전,"20,000원"
"(300,)",동그랑땡,"18,000원"
"(300,)",동태전,"18,000원"
"(300,)",고추전,"18,000원"
"(300,)",빈대떡,"18,000원"
"(301,)",초콜릿라떼,"5,500원"
"(301,)",오늘의 스무디보울,"8,500원"
"(301,)",카페라떼,"4,500원"
"(301,)",아메리카노,"4,000원"
"(301,)",말차라떼,"5,500원"
"(301,)",흙,"5,200원"
"(301,)",raw 레몬딸기치즈케이크,"4,800원"
"(301,)",조감라떼-비트루트,"5,500원"
"(302,)",설농탕,"10,000원"
"(302,)",설농탕 (특),"13,000원"
"(302,)",도가니탕,"13,000원"
"(302,)",도가니탕 (특),"16,000원"
"(302,)",머리탕,"10,000원"
"(302,)",머리탕 (특),"13,000원"
"(302,)",수육,"37,000원"
"(302,)",도가니안주,"37,000원"
"(302,)",소머리안주,"37,000원"
"(302,)",혀밑,"37,000원"
"(302,)",마나,"15,000원"
"(303,)",닭한마리,"25,000원"
"(303,)",떡사리,"1,000원"
"(303,)",국수사리,"2,000원"
"(303,)",소주,"4,000원"
"(303,)",맥주,"5,000원"
"(303,)",버섯사리,"2,000원"
"(303,)",감자,"2,000원"
"(303,)",공기밥,"2,000원"
"(303,)",닭도리탕,"30,000원"
"(304,)",만두국,"15,000원"
"(304,)",떡만두국,"15,000원"
"(304,)",만두전골 3인 (大),"59,000원"
"(304,)",만두전골 3인 (小),"46,000원"
"(304,)",김치만두,"6,500원"
"(304,)",소만두,"6,500원"
"(304,)",빈대떡 (大),"18,000원"
"(304,)",빈대떡 (小),"9,000원"
"(304,)",편수,"7,500원"
"(304,)",사리,"7,000원"
"(305,)",런치 스페셜 A120g,"29,000원"
"(305,)",워터에이징 한우 등심,"55,000원"
"(305,)",워터에이징 한우 안심,"55,000원"
"(305,)",런치 스페셜 모도우 시그니처,"59,000원"
"(305,)",디너 스페셜 모도우 시그니처,"129,000원"
"(305,)",디너 스페셜 A,"89,000원"
"(305,)",디너 스페셜 B,"109,000원"
"(305,)",디너 스페셜 C,"119,000원"
"(306,)",daily soup,"7,000원"
"(306,)",panini,"7,000원"
"(306,)",pasta,"12,500원"
"(306,)",bratwurst,"16,500원"
"(306,)",jaeger schnitzel,"19,500원"
"(307,)",규카츠,"15,000원"
"(307,)",반숙 오므라이스,"11,000원"
"(307,)",야마가타 민치카레,"12,000원"
"(307,)",스테키 덮밥,"15,000원"
"(307,)",스테키정식,"14,000원"
"(307,)",니꾸온우동,"9,000원"
"(307,)",우삼겹덮밥,"12,000원"
"(307,)",대창덮밥,"13,000원"
"(307,)",규카츠동,"15,000원"
"(307,)",산토리프리미엄몰츠,"9,000원"
"(308,)",제로숑 화덕빵,"3,300원"
"(308,)",허니달쿵 빵,"4,500원"
"(308,)",화이트 치킨 샌드위치,"8,000원"
"(308,)",옐로우 덕 샌드위치,"8,500원"
"(308,)",브라운 비프 샌드위치,"8,500원"
"(308,)",레드 치킨 샌드위치,"8,500원"
"(308,)",REAL 100 JUICE 오디 / 오렌지 / 자몽,"7,500원"
"(309,)",훈제햄 라따뚜이와 수란,"17,000원"
"(309,)",수비드 플랭크 스테이크,"35,000원"
"(309,)",연어 크림치즈 타르틴,"17,000원"
"(309,)",쉬림프 스크램블 에그 타르틴,"15,000원"
"(309,)",앤다이브 비프 스테이크 샐러드,"17,000원"
"(309,)",부라타치즈 샐러드,"16,000원"
"(309,)",크로아상 샌드위치,"12,000원"
"(309,)",앤쵸비 베이컨 스파게티니,"18,000원"
"(309,)",봉골레 링귀니,"18,000원"
"(309,)",토마토 해산물 스파게티니,"19,000원"
"(309,)",포르치니 버섯 크림 파스타,"19,000원"
"(309,)",레몬 버터소스 연어 스테이크,"26,000원"
"(309,)",부챗살 스테이크,"29,000원"
"(309,)",수란 볼로네제 라구 파스타,"19,000원"
"(309,)",크로아상 브레드 푸딩,"16,000원"
"(310,)",명란 크림 파스타,"16,800원"
"(310,)",스테이크 샐러드,"24,000원"
"(310,)",로제 쉬림프 파스타,"16,800원"
"(310,)",명란 매콤 알리오 올리오,"14,800원"
"(310,)",살롱 로즈마리 스테이크 (살치살),"31,000원"
"(310,)",순라 허브갈릭 스테이크 (채끝등심),"34,000원"
"(310,)",순라 프라이드 치킨,"24,000원"
"(310,)",뽈뽀 감바스 (빵 포함),"19,000원"
"(310,)",치즈 플레이트,"24,000원"
"(310,)",브리치즈 구이,"18,000원"
"(310,)",프로슈토 머스크 멜론,"18,000원"
"(310,)",나쵸,"8,000원"
"(310,)",와인,"30,000~180,000"
"(310,)",노을 순라,"12,000원"
"(310,)",달빛 순라,"12,000원"
"(311,)",흑돼지 샤브샤브,"15,000원"
"(311,)",갈비솥밥 정식,"18,000원"
"(311,)","고깃상 - 갈비본살, 돼지목살, 닭다리살","38,000원"
"(311,)",이베리코  돼지목살 숯불구이 정식,"15,000원"
"(311,)",닭다리살 숯불구이 정식,"13,000원"
"(311,)",정선 곤드레 연근 솥밥 정식,"15,000원"
"(311,)",고등어 숯불구이 정식,"11,000원"
"(311,)",육회비빔밥 정식,"12,000원"
"(311,)",마약된장찌개,"6,000원"
"(311,)",숯불 삼계 영양 솥밥 정식,"16,000원"
"(311,)",이베리코 돼지목살 숯불구이 정식 (포장),"15,000원"
"(311,)",닭다리살 숯불구이 정식 (포장),"13,000원"
"(311,)",제육볶음 정식 (포장),"11,000원"
"(311,)",육회비빔밥 정식 (포장),"12,000원"
"(312,)",르브리에 플레인,"13,000원"
"(312,)",에그팟,"15,000원"
"(312,)",오리지널,"13,000원"
"(312,)",베리베리,"14,000원"
"(312,)",드미샌드,"15,000원"
"(312,)",레인보우,"15,500원"
"(312,)",르브리에 타워,"16,000원"
"(312,)",큐브 그라탱,"17,000원"
"(312,)",아메리카노,"4,000원"
"(312,)",카페라떼,"4,500원"
"(313,)",한우말이고기,"23,000원"
"(313,)",한우내장볶음,"23,000원"
"(313,)",한우내장전골,"25,000원"
"(313,)",후식시래기된장찌개,"3,000원"
"(314,)",숙성 삼겹살,"14,000원"
"(314,)",숙성 통목살,"14,000원"
"(314,)",숙성 가브리살,"15,000원"
"(314,)",숙성 항정살,"15,000원"
"(314,)",돈토마호크,"23,000원"
"(314,)",꽃살,"9,900원"
"(314,)",돈토마호크 파인세트,"49,900원"
"(314,)",모듬 버섯 세트,"64,900원"
"(314,)",숙달 사겹살,"14,000원"
"(314,)",미니쫄면,"1,000원"
"(315,)",와인,변동
"(315,)",앵글340크림라떼,"6,000원"
"(315,)",청계천라떼,"6,000원"
"(316,)",토속촌 삼계탕,"18,000원"
"(316,)",옻계탕,"17,000원"
"(316,)",오골계 삼계탕,"24,000원"
"(316,)",삼산배양근 삼계탕,"24,000원"
"(316,)",삼산배양근 오골계 삼계탕,"30,000원"
"(316,)",전기구이 통닭,"17,000원"
"(316,)",해물파전,"15,000원"
"(316,)",닭백숙,"25,000원"
"(316,)",닭도리탕,"30,000원"
"(318,)",음료 & 디저트 페어링,"28,000원"
"(318,)",샌드위치,"5,800원"
"(318,)",커피아이스크림,"4,300원"
"(318,)",다크초콜릿,"8,600원"
"(318,)",레모네이드,"4,500원"
"(318,)",딸기피즈,"5,200원"
"(320,)",해물칼국수,"7,000원"
"(320,)",고기만두,"7,500원"
"(320,)",김치만두,"7,500원"
"(321,)",아란치니,"4,000원"
"(321,)",미트볼,"5,000원"
"(321,)",치킨스테이크,"15,000원"
"(321,)",송아지 루꼴라 샐러드,"18,000원"
"(321,)",문어 샐러드,"15,000원"
"(321,)",광어 까르파치오,"15,000원"
"(321,)",참치 까르파치오,"15,000원"
"(321,)",꼬제(홍합),"12,000원"
"(321,)",세가지 치키티믹스,"25,000원"
"(321,)",봉골레,"23,000원"
"(321,)",트러플 크림 뇨끼,"22,000원"
"(321,)",블랙트러플파스타,"35,000원"
"(321,)",문어 라구 파스타,"36,000원"
"(321,)",송아지 립 스테이크,"60,000원"
"(321,)",아페라롤 스프리츠,"8,000원"
"(322,)",Business Course,"60,000원"
"(322,)",Michael's Course,"80,000원"
"(322,)",Cobb Salad,"20,000원"
"(322,)",Octopus&Potato,"18,000원"
"(322,)",Tomato & Burrata,"21,000원"
"(322,)",Shrimp Lasagna,"24,000원"
"(322,)",Crab Fettuccine,"27,000원"
"(322,)",Labster Sandwich,"26,000원"
"(322,)",Michael's signature buger,"18,000원"
"(322,)",Pork,"36,000원"
"(322,)",Duck,"38,000원"
"(322,)",Banana Coconut Cake,"9,000원"
"(322,)",Key Lime Pie,"11,000원"
"(323,)",도가니탕,"12,000원"
"(323,)",도가니탕 특,"15,000원"
"(323,)",수육,"25,000원"
"(323,)",소주,"3,000원"
"(323,)",해장국,"6,000원"
"(324,)",돼지오코노미야끼 or 야끼소바,"12,500원"
"(324,)",철판 꽃갈비살 100g,"16,000원"
"(324,)",해산물오코노미야끼 or 야끼소바,"14,500원"
"(324,)",타코폰즈,"8,500원"
"(324,)","닭고기오코노미야끼, 야끼소바","13,500원"
"(324,)",아보카도멘타마요&바게트,"7,500원"
"(324,)",브로콜리에비마요,"12,000원"
"(324,)",크랜배리&레몬 하이볼,"8,000원"
"(325,)",닭매운탕 소,"25,000원"
"(325,)",옻매운탕,"50,000원"
"(325,)",쭈꾸미/쭈삼겹 (중),"30,000원"
"(325,)",쭈꾸미/쭈삼겹 (대),"36,000원"
"(325,)",닭매운탕 중,"33,000원"
"(325,)",닭매운탕 대,"40,000원"
"(326,)",칼만두(칼국수+만두),"9,500원"
"(326,)",손만두국,"10,000원"
"(326,)",조랑떡만둣국,"10,000원"
"(326,)",김치손만둣국(동절기),"11,000원"
"(326,)",찐만두,"9,000원"
"(326,)",온반,"10,000원"
"(326,)",국시(시골칼국수),"9,000원"
"(326,)",비빔국수(단품),"9,500원"
"(326,)",비빔국수(+만두3개),"14,000원"
"(326,)",콩국수(하절기),"10,000원"
"(326,)",만두전골中(2~3인),"35,000원"
"(326,)",만두전골大(3~4인),"45,000원"
"(326,)",반반(수육+전),"40,000원"
"(326,)",녹두지짐(2장),"15,000원"
"(326,)",녹두지짐(1장),"8,000원"
"(327,)",스페셜 피자 (Special),"28,000원"
"(327,)",아로또라따 피자 (Arrotolata),"30,000원"
"(327,)",콰트로 포르마지 피자 (Quattro Formaggi),"29,000원"
"(327,)",오르또라나 피자 (Ortolana),"27,000원"
"(327,)",알 마이스 피자 (Al Mais),"21,000원"
"(327,)",마르게리따 피자 (Margherita),"19,000원"
"(327,)",스텔라 피자,"33,000원"
"(327,)",디마떼오 피자 (Di Matteo),"39,000원"
"(327,)",프로슈또 에 풍기 피자 (Prosciutto e Funghi),"24,000원"
"(327,)",알라세프 피자 (Alla Chef),"25,000원"
"(327,)",루꼴라 에 감베리 피자 (Rucola e Gamberi),"27,000원"
"(327,)",디아볼라 피자 (Diavola),"27,000원"
"(327,)",지라솔레 감베리 피자 (Girasole Gamberi),"28,000원"
"(327,)",까프리치오사 피자 (Capricciosa),"29,000원"
"(327,)",페스까또레 피자 (Pescatore),"20,000원"
"(328,)",육탕이,"28,000원"
"(328,)",육회,"15,000원"
"(328,)",육사시미,"28,000원"
"(328,)",산낙지,"15,000원"
"(328,)","소간, 천엽","13,000원"
"(328,)",육전,"13,000원"
"(328,)",육회덮밥,"7,000원"
"(328,)",육골뱅이,"28,000원"
"(329,)",Menu Dejeuner,"65,000원"
"(329,)",Menu Degustation,"150,000원"
"(330,)",슈림프 팟타이 오믈렛,"16,000원"
"(330,)",뿌팟퐁커리,"28,000원"
"(330,)",살라댕 스페셜 삼단 트레이,"22,000원"
"(330,)",살라댕 모둠 플레이트,"16,000원"
"(330,)",열대 과일 쏨땀,"15,500원"
"(330,)",코코넛 크림치즈 멘보샤,"15,000원"
"(330,)",돔양꿍 누들,"16,000원"
"(330,)",시암 소고기 쌀국수,"15,000원"
"(330,)",짜두짝 빠에야,"16,000원"
"(330,)",바질 포크 라이스,"16,000원"
"(330,)",파인애플 프라이드 라이스,"17,000원"
"(330,)",치킨 그린커리,"20,000원"
"(330,)",프라이드 코코넛 치킨,"23,000원"
"(330,)",갈릭 슈림프 프라이,"24,000원"
"(330,)",라임에이드,"6,000원"
"(331,)",매운직화 뼈구이,"15,000원"
"(331,)",숙성 삼겹살,"15,000원"
"(331,)",숙성 뼈탄삼겹살(2인이상),"17,000원"
"(331,)",뼈탄친구들세트(3인),"77,000원"
"(332,)",후라이드치킨,"20,000원"
"(332,)",골뱅이소면,"23,000원"
"(332,)",닭도리탕,"35,000원"
"(332,)",구룡포과매기,"30,000원"
"(332,)",생굴,"20,000원"
"(332,)",부산에서 온 오뎅탕,"20,000원"
"(332,)",꽁치김치찌개,"20,000원"
"(332,)",매운번데기탕,"10,000원"
"(332,)",한치,"15,000원"
"(333,)",아르크라떼,"6,000원"
"(333,)",월넛초코칩쿠키,"3,500원"
"(333,)",아메리카노,"4,500원"
"(333,)",라떼,"5,000원"
"(333,)",플랫화이트,"5,000원"
"(333,)",스콘,"4,000원"
"(333,)",레어치즈케이크,"6,000원"
"(334,)",런치정식,"50,000원"
"(334,)",디너코스,"70,000원"
"(334,)",포장,"30,000원"
"(335,)",소양지삼겹을 곁들인 부추 된장비빔밥,"10,000원"
"(335,)",반반커리,"12,000원"
"(335,)",수육을 곁들인 부추 된장비빔밥,"10,000원"
"(335,)",마라상궈 순두부 한상,"12,000원"
"(335,)",바삭한 치킨 커리,"9,000원"
"(335,)",익선121 돈까스,"13,000원"
"(335,)",구운 생삼겹 쌈 한상,"11,000원"
"(335,)",파마산 감자채전,"15,000원"
"(335,)",부추수육,"15,000원"
"(335,)",토마토 소고기 카레,"10,000원"
"(335,)",샹그리아,"6,000원"
"(335,)",익선121  레스트로 간편식 패키지 3p,"15,000원"
"(335,)",익선121  레스트로 간편식 패키지 6p,"30,000원"
"(335,)",우삼겹을 곁들인 부추 된장비빔밥,"10,000원"
"(335,)",닭갈비 쌈 한상,"13,000원"
"(336,)","점심 (14,000원 ~ 46,000원)",변동
"(336,)","저녁 (12,000 ~ 58,000)",변동
"(337,)",400 등심 스테이크 덮밥 (하루 7그릇 한정),"14,700원"
"(337,)",곱창 등심 스테이크 (한정메뉴),"17,300원"
"(337,)","미도인 구첩 반상 (스테이크 구첩, 대창구첩)","15,900원"
"(337,)",곱창 대창 덮밥 (곱대),"14,800원"
"(337,)",가정식 부챗살 스테이크,"12,300원"
"(337,)",미도인 등심 스테이크,"13,300원"
"(337,)",트리플 스테이크,"14,300원"
"(337,)",돈테키 차슈덮밥,"8,800원"
"(337,)",화산 불백 덮밥,"9,300원"
"(337,)",미도인 스테이크 덮밥,"9,800원"
"(337,)",대창 덮밥,"10,500원"
"(337,)",큐브 스테이크 덮밥,"10,900원"
"(337,)",대창 큐브 스테이크 덮밥,"13,800원"
"(337,)",곱창 대창 큐브스테이크 덮밥 (한정메뉴),"16,800원"
"(337,)",청두 사천 탄탄멘,"8,500원"
"(338,)",설렁탕,"5,000원"
"(338,)",돼지머리국밥,"5,000원"
"(338,)",물냉면,"8,000원"
"(338,)",비빔냉면,"8,000원"
"(338,)",회냉면,"12,000원"
"(338,)",녹두지짐,"7,000원"
"(338,)",홍어무침,"10,000원"
"(338,)",돼지수육,"7,000원"
"(339,)",쌀떡볶이,"4,000원"
"(339,)",김밥,"4,000원"
"(339,)",찹쌀순대,"4,000원"
"(339,)",부산어묵 1개,"1,000원"
"(340,)",와규 우탕,"8,000원"
"(340,)",로스 편채 ,"20,000원"
"(340,)",육 전 ,"17,000원"
"(340,)",소곱창 김치찌개,"10,000원"
"(340,)",육회,"19,000원"
"(340,)",점심메뉴 로스편채,"9,900원"
"(340,)",점심메뉴 육전,"9,000원"
"(341,)",런치 세트 메뉴 ,"18,000원"
"(341,)",중국차,변동
"(342,)",우육면(특),"12,000원"
"(342,)",우육면,"9,000원"
"(342,)",수교,"7,000원"
"(342,)",오이소채,"2,000원"
"(342,)",칭다오생맥주,"7,000원"
"(343,)",삼겹살 200g,"14,000원"
"(343,)",Set A,"29,000원"
"(343,)",Set B,"43,000원"
"(344,)",중식세트A,"120,000원"
"(344,)",북경식 오리 반마리,"80,000원"
"(344,)",석식세트A,"140,000원"
"(345,)",레드벨벳산도,"8,000원"
"(345,)",겨울한접시,"12,000원"
"(345,)",플랫화이트,"6,000원"
"(345,)",오크베리(말차아포가토),"7,500원"
"(345,)",앙버터모나카,변동
"(345,)",스펙터커피,"6,000원"
"(345,)",오렌지그라나다,"9,000원"
"(345,)",로제블랑,"7,000원"
"(345,)",생크림 딸기케이크,"35,000원"
"(345,)",프렌치토스트(과일),"12,000원"
"(345,)",프렌치토스트(생햄),"15,000원"
"(346,)",런치코스,"29,000원"
"(346,)",디너코스,"59,000원"
"(346,)",정어리파스타,"23,000원"
"(346,)",아메리카노,"7,000원"
"(346,)",꽃다발,"35,000원"
"(348,)",P,1원
"(349,)",대창덮밥,"13,500원"
"(349,)",아보카도 골든 에그 살몬,"14,000원"
"(349,)",골든에그 살몬,"13,000원"
"(349,)",교토 스테이크,"14,000원"
"(349,)",육회덮밥,"12,500원"
"(349,)",아보카도 낫또 정식,"9,700원"
"(349,)",아보카도 명란,"12,000원"
"(349,)",통베이컨 나폴리탄,"12,800원"
"(349,)",온천계란 까르보나라,"13,000원"
"(349,)",아보카도명란 스파게티,"12,500원"
"(349,)",도토리 튀김간식,"5,800원"
"(349,)",타마고산도,"3,800원"
"(349,)",쇼킹 스타우트,"7,200원"
"(349,)",성수동 페일에일,"6,500원"
"(349,)",첫사랑,"7,500원"
"(350,)",한식공간_점심,"70,000원"
"(350,)",한식공간_저녁,"130,000원"
"(351,)",청양고추 해산물 부야베스 파스타,"18,000원"
"(351,)",소고기 부챗살 스테이크 ,"29,000원"
"(351,)",평일 런치 메뉴(4가지 메뉴 중 택 1 / 12:00 - 15:00) ,"15,000원"
"(351,)","수란, 스파이시 베이컨 크림 파스타","19,000원"
"(351,)",새우젓 해산물 오일 파스타,"18,000원"
"(351,)",시즈닝 새우 버섯 크림 리조또,"18,000원"
"(351,)",고르곤졸라 크림 스테이크  리조또,"22,000원"
"(351,)",간장양념 수비드 닭다리살 스테이크,"23,000원"
"(351,)",이베리코 뼈등심 스테이크(1pcs),"27,000원"
"(351,)",이베리코 뼈등심 스테이크(2pcs),"38,000원"
"(351,)","펜넬 드레싱의 수란, 버섯 샐러드","15,000원"
"(351,)",컬리플라워 깻잎 페스토 펜네 샐러드,"13,000원"
"(351,)",트러플 향 매쉬드 포테이토,"9,000원"
"(351,)",구운야채 플레이트,"7,000원"
"(354,)",수비드 삼겹살 스테이크,"21,000원"
"(354,)",쭈꾸미 먹물 리조또,"15,000원"
"(354,)",비프 타르타르,"17,000원"
"(354,)",알프스 뢰스티,"12,000원"
"(354,)",곶감 치즈 플레이트,"17,000원"
"(354,)",라구 닭다리살 파스타,"16,000원"
"(354,)",해산물 볶음 플레이트,"17,000원"
"(354,)",올리브 & 치즈,"5,000원"
"(355,)",콘브래드,"6,000원"
"(355,)",아몬드센베이,"6,000원"
"(355,)",어니언크림치즈소보르,"4,500원"
"(355,)",발효무화과빵,"5,000원"
"(356,)",통단호박스프,"18,500원"
"(356,)",매콤버섯새우크림파스타,"17,500원"
"(356,)",건강한계란을품은시금치에그피자,"17,500원"
"(356,)",수제햄버거스테이크파스타(크림/토마토),"19,500원"
"(356,)",트러플향이 가득한 버섯크림리조또,"17,500원"
"(356,)",아메리카노,"4,300원"
"(356,)",에이드(레몬/자몽오렌지/패션후르츠),"6,800원"
"(357,)",박가네삼합,"20,000원"
"(357,)",맷돌빈대떡,"5,000원"
"(357,)",막걸리,"3,000원"
"(357,)",고기빈대떡,"8,000원"
"(357,)",해물빈대떡,"8,000원"
"(357,)",마약김밥(2인),"5,000원"
"(357,)",육회탕탕이,"28,000원"
"(358,)",살살녹는갈비찜(중) 3인,"45,000원"
"(358,)",향취자연송이솥밥,"16,000원"
"(358,)",불판불고기,"17,000원"
"(358,)",춘천한우육회비빔밥,"13,000원"
"(358,)",살살녹는갈비찜(소) 2인,"30,000원"
"(358,)",살살녹는갈비찜(대)4인,"60,000원"
"(358,)",감칠맛춘천한우육회,"20,000원"
"(358,)",육전,"15,000원"
"(358,)",최고진미송이갈비솥밥,"20,000원"
"(358,)",살살녹는갈비솥밥,"16,000원"
"(358,)",꼬슬꼬슬영양솥밥,"11,000원"
"(358,)",불고기비빔밥,"11,000원"
"(358,)",불고기덮밥,"10,000원"
"(359,)",플레인수플레팬케이크,"16,000원"
"(359,)",만다린수플레팬케이크,"18,000원"
"(359,)",핸드드립 온,"5,900원"
"(359,)",핸드드립 화,"5,900원"
"(359,)",아인슈페너,"7,500원"
"(359,)",밀크티,"7,500원"
"(359,)",과일차 사과,"8,000원"
"(359,)",과일소다 오몽,"8,000원"
"(361,)",고치비 리조또,"19,000원"
"(361,)",제주산 옥돔 스테이크,"32,000원"
"(361,)",가리비 관자 버터 구이,"20,000원"
"(361,)",제주산 돌문어,"22,000원"
"(361,)",딱새우 오일 파스타,"18,000원"
"(361,)",명란 오일 파스타,"16,000원"
"(361,)",제주산 흑돼지 스테이크(300g),"39,000원"
"(362,)",Black Einspanner,"6,000원"
"(362,)",Ivory,"9,500원"
"(362,)",Espresso,"5,000원"
"(362,)",Americano,"5,000원"
"(362,)",Cafe Latte,"5,500원"
"(362,)",Flat White,"5,500원"
"(362,)",Vanilla Latte,"6,000원"
"(362,)",White Einspanner,"6,000원"
"(362,)",Hoji Tea,"6,000원"
"(362,)",Sparckling Tea,"6,000원"
"(362,)",Salted Chocolate,"7,000원"
"(362,)",Brownie,"6,000원"
"(362,)",Pool,"7,000원"
"(362,)",Hoji Milk Tea(Hot Only),"7,000원"
"(362,)",Classic Butter Scone,"4,000원"
"(364,)",모둠 만두,"10,000원"
"(364,)",떡볶이,"7,000원"
"(364,)",고기 지짐만두 / 찐만두,"6,500원"
"(364,)",김치 지짐만두 / 찐만두,"6,500원"
"(364,)",새우 지짐 만두,"8,000원"
"(364,)",숯불 지짐 만두,"7,500원"
"(364,)",쫄면,"7,500원"
"(364,)",김치 볶음밥,"8,000원"
"(364,)",새우 완탕면,"10,000원"
"(364,)",김치말이국수,"7,000원"
"(364,)",트러플 지짐 만두,"9,000원"
"(364,)",컵떡볶이,"3,000원"
"(364,)",매운짜장떡볶이,"7,500원"
"(364,)",옛날 떡만둣국,"7,500원"
"(365,)",pickled mackerel (염장 고등어),"14,000원"
"(365,)",köttbullar (미트볼),"16,000원"
"(365,)",Classic course,"59,000원"
"(365,)",Tasting course,"69,000원"
"(366,)",효자동세트,"28,000원"
"(366,)",특선초밥 12pcs,"14,000원"
"(366,)",모둠초밥 10pcs,"11,000원"
"(366,)",효자동스페셜 12pcs,"20,000원"
"(366,)",광어초밥 10pcs,"16,000원"
"(366,)",연어초밥 10pcs,"14,000원"
"(366,)",광어반+연어반,"15,000원"
"(366,)",우동세트,"9,000원"
"(366,)",연어롤,"10,000원"
"(366,)",크래미롤,"8,000원"
"(366,)",캘리포니아롤,"8,000원"
"(366,)",우동,"5,000원"
"(366,)",새우튀김우동,"8,000원"
"(366,)",미니우동,"2,000원"
"(366,)",활어회덮밥(한정),"11,000원"
"(367,)",디너 A,"135,000원"
"(367,)",디너 B,"220,000원"
"(367,)",런치A (주말 및 공휴일 제외),"70,000원"
"(367,)",런치B,"135,000원"
"(368,)",내추럴 와인,변동
"(369,)",누룽지 육회타르타르,"22,000원"
"(369,)",크림치즈곶감말이,"12,000원"
"(369,)",뚝배기 마라순두부 정식,"9,000원"
"(369,)",치킨까스 정식,"9,000원"
"(369,)",참나물 육회 비빔밥,"11,000원"
"(369,)",마라 순두부 전골,"21,000원"
"(369,)",제육저냐,"15,000원"
"(369,)",고추부각 감바스,"13,000원"
"(369,)",로즈마리 닭튀김과 참나물샐러드,"15,000원"
"(369,)",망고크림소스와 쉬림프오이샐러드,"13,000원"
"(369,)",두부치즈와 매실토마토샐러드,"12,000원"
"(369,)",수제사과청 브리치즈구이와 크래커,"17,000원"
"(369,)",모듬떡구이와 사과청 꿀,"10,000원"
"(369,)",와인,변동
"(369,)",소고기마라쌀국수,"10,000원"
"(370,)",살롱 드 딸기 위드 바비 딸기 뷔페,"55,000원"
"(371,)",아메리카노,"4,000원"
"(371,)",플랫화이트,"4,500원"
"(371,)",카페라떼,"5,000원"
"(371,)",아인슈페너,"5,000원"
"(372,)",법원 패션드,"16,000원"
"(373,)",육회김밥,"9,000원"
"(373,)",육회탕탕이,"28,000원"
"(373,)",육회사시미,"28,000원"
"(373,)",육회,"15,000원"
"(373,)",육회비빔밥,"8,000원"
"(373,)",맷돌빈대떡,"5,000원"
"(373,)",고기완자(2장),"6,000원"
"(373,)",한우육전,"18,000원"
"(374,)",런치세트메뉴,"30,000원"
"(374,)",가스트로 세트,"65,000원"
"(374,)",통 세트,"100,000원"
"(375,)",크림 치즈케익,"6,000원"
"(375,)",비엔나커피,"6,000원"
"(375,)",파르페,"8,000원"
"(376,)",본갈비(250g),"25,000원"
"(376,)",1++한우육회,"14,000원"
"(376,)",눈꽃채살(200g),"18,000원"
"(376,)",살치살[150g],"18,000원"
"(376,)",본갈비 볶음밥,"9,000원"
"(376,)",라코타 치즈 샐러드,"4,000원"
"(376,)",바지락 된장찌개,"3,000원"
"(376,)",산토리하이볼,"8,000원"
"(377,)",녹두빈대떡,"4,000원"
"(377,)",고기완자 2장,"4,000원"
"(377,)",새우빈대떡,"10,000원"
"(377,)",고기빈대떡,"8,000원"
"(377,)",모듬,"10,000원"
"(377,)",육회탕탕이,"28,000원"
"(377,)",낙지탕탕이,"15,000원"
"(377,)",홍어무침,"12,000원"
"(377,)",순희네육회,"15,000원"
"(377,)",녹두빈대떡+고기완자+육회,"20,000원"
"(377,)",마약김밥,"3,000원"
"(378,)",아쿠아 파짜,"22,500원"
"(378,)",비프 스튜 파스타,"18,900원"
"(378,)",연어 크림 파스타,"17,900원"
"(378,)",새우 비스큐 크림소스 파스타,"16,900원"
"(378,)",도미 오일소스 파스타,"15,500원"
"(378,)",고르곤졸라 뇨끼 파스타,"14,900원"
"(378,)",크림 해물 스파게티,"14,900원"
"(378,)",라자냐,"14,500원"
"(378,)",토마토 해물 스파게티,"13,900원"
"(378,)",리얼 까르보나라 스파게티,"13,500원"
"(378,)",조개 스파게티,"12,900원"
"(378,)",매운 앤쵸비 스파게티,"11,900원"
"(378,)",버섯 리조또,"13,900원"
"(378,)",해물 리조또,"13,900원"
"(378,)",BARBEQUE & SOME EATABLES,"38,800원"
"(379,)",바베큐플레이트,"24,900원"
"(380,)",카페라떼,"5,000원"
"(380,)",블랙론즈카푸치노,"5,500원"
"(380,)",카페아메리카노,"4,500원"
"(380,)",스노우카푸치노,"5,500원"
"(380,)",피콜로라떼,"5,000원"
"(380,)",콜드브루 (원액),"10,000원"
"(381,)",마제소바,"9,500원"
"(381,)",레드락생맥주,"4,000원"
"(381,)",라무네,"3,000원"
"(381,)",콜라,"2,000원"
"(381,)",사이다,"2,000원"
"(381,)",돈코츠라멘,"9,000원"
"(381,)",돼지껍데기아부라소바,"11,000원"
"(383,)",가츠덮밥,"10,000원"
"(383,)",명란바질오일파스타,"15,000원"
"(383,)",새우튀김덮밥,"11,000원"
"(383,)",믹스덮밥,"12,000원"
"(383,)",가라아게덮밥,"11,000원"
"(383,)",김치돈가츠나베,"12,000원"
"(383,)",김치치즈가츠덮밥,"12,000원"
"(383,)",야키니쿠동,"13,000원"
"(383,)",생연어덮밥,"13,000원"
"(383,)",안심가츠정식,"13,000원"
"(383,)",치즈가츠정식,"12,500원"
"(383,)",새우튀김냉모밀,"10,500원"
"(383,)",차돌중화크림파스타,"18,000원"
"(383,)",살치살크림파스타,"16,000원"
"(383,)",리코타치즈샐러드,"10,000원"
"(384,)",매운미니족발(대),"30,000원"
"(384,)",영양족발(앞다리),"28,000원"
"(384,)",미니족발   2개,"10,000원"
"(384,)",매운무뼈닭발,"12,000원"
"(384,)",매운바비큐삼겹살,"12,000원"
"(384,)",매운훈제오리,"13,000원"
"(384,)",핫스페셜족발 (대),"38,000원"
"(384,)",매운석쇠순살족발 (앞다리),"29,000원"
"(384,)",매운석쇠순살족발 (뒷다리),"26,000원"
"(387,)",항정매콤크림파스타,"16,000원"
"(387,)",차돌로제파스타,"16,000원"
"(387,)",회오리 오므라이스,"14,000원"
"(387,)",치킨커리 리조또,"13,000원"
"(387,)",바다향 봉골레파스타,"15,000원"
"(388,)",목살스테이크샐러드,"8,000원"
"(388,)",훈제연어샐러드,"8,500원"
"(388,)",모듬콩샐러드,"8,000원"
"(388,)",닭가슴살샐러드,"8,000원"
"(388,)",닭다리살샐러드,"8,500원"
"(388,)",수제리코타치즈샐러드,"8,500원"
"(388,)",새우샐러드,"8,500원"
"(388,)",훈제연어 샌드위치,"7,500원"
"(388,)",아보가코 샌드위치,"7,500원"
"(388,)",루꼴라 샌드위치,"7,500원"
"(389,)",공주통밤식빵,"5,800원"
"(390,)",사퀴테리 플래터,"29,000원"
"(390,)",잠봉뵈르 샌드위치,"12,000원"
"(390,)",그라니따 실낙원,"7,000원"
"(390,)",카페 샤케라또,"5,500원"
"(390,)",초리조 미트소스 뇨끼,"18,000원"
"(390,)",Natural Wine,변동
"(391,)",스페셜세트A(1인)/ 2인이상주문,"25,000원"
"(391,)",머노까머나세트B(1인)/ 2인이상주문,"15,000원"
"(391,)",사모사(2pcs),"4,000원"
"(391,)",그린샐러드,"5,000원"
"(391,)",탄두리치킨 한마리,"16,000원"
"(391,)",치킨타카,"11,000원"
"(391,)",탄두리 킹프라운,"22,000원"
"(391,)",빨락빠니르(시금치커리),"10,000원"
"(391,)",치킨마카니(연한 치킨커리),"11,000원"
"(391,)",머턴마살라(매콤 양고기커리),"11,000원"
"(391,)",칠리프로운(새우커리),"14,000원"
"(391,)",프로운짜오면(새우볶음면),"9,000원"
"(392,)",비프 까르파치오,"19,000원"
"(392,)",깔죠네 리코타치즈 샐러드,"16,000원"
"(392,)",시져샐러드,"15,000원"
"(392,)",풍기샐러드,"17,000원"
"(392,)",마르게리따 피자,"16,000원"
"(392,)",마르게리따 비앙카,"18,000원"
"(392,)",마르게리따 에 루꼴라,"19,000원"
"(392,)",마르게리따 에 풍기,"19,000원"
"(392,)",엑스트라 마르게리따,"20,000원"
"(392,)",알리오 에 올리오 파스타,"14,000원"
"(392,)",봉골레 파스타,"16,000원"
"(392,)",뽀모도로 파스타,"16,000원"
"(393,)",쌍화탕,"9,000원"
"(393,)",대추탕,"9,000원"
"(393,)",우전(녹차),"13,000원"
"(393,)",감잎차,"11,000원"
"(393,)",오미자차,"8,000원"
"(393,)",오미자레몬차,"8,000원"
"(393,)",꽃얼음차,"8,000원"
"(393,)",국화차,"11,000원"
"(393,)",단호박시루떡,"10,000원"
"(393,)",단팥죽,"10,000원"
"(393,)",한과,"4,000원"
"(393,)",차뜰찹쌀떡,"7,000원"
"(393,)",빙수,"10,000원"
"(394,)",평일점심식사김치찜,"8,000원"
"(394,)",대파전,"10,000원"
"(394,)",김치찜소,"20,000원"
"(394,)",김치찜중,"28,000원"
"(394,)",돼지갈비찜 소,"26,000원"
"(394,)",돼지갈비찜 중,"36,000원"
"(394,)",낙지볶음 소,"25,000원"
"(394,)",낙지볶음 중,"35,000원"
"(394,)",두부한모,"5,000원"
"(395,)",더치즈버거,"7,800원"
"(395,)",브루클린웍스,"9,800원"
"(397,)",쿠키,"7,000원"
"(397,)",조각케이크,"7,000원"
"(397,)",아메리카노,"7,000원"
"(397,)",카페라떼,"8,000원"
"(397,)",에스프레소,"7,000원"
"(397,)",레몬에이드,"10,000원"
"(397,)",캐모마일,"8,000원"
"(397,)",클라우드 맥주,"9,000원"
"(397,)",호가든 맥주,"10,000원"
"(397,)",케이크,"7,000원"
"(397,)",카푸치노,"8,000원"
"(397,)",카페모카,"8,000원"
"(397,)",바닐라라떼,"8,000원"
"(397,)",아몬드밀크라떼,"8,000원"
"(397,)",카라멜마끼야또,"8,000원"
"(398,)",싱글오리진,변동
"(398,)",월광,"16,000원"
"(398,)",페어링 디저트,변동
"(398,)",만추,"9,000원"
"(398,)",목화-시그니처,"7,500원"
"(399,)",더 램(1.2kg/2~3인분),"67,000원"
"(399,)",깻잎페스토치킨파스타,"20,000원"
"(399,)",토마호크(1.4kg),"158,000원"
"(399,)",300! 볼로네제,"20,000원"
"(399,)",트러플프라이,"15,000원"
"(399,)",리몬첼로,"4,000원"
"(399,)",깻잎토닉,"13,000원"
"(400,)",그릭요거트 BASIC,"3,700원"
"(400,)",그릭요거트 MIDEUM,"4,700원"
"(400,)",그릭요거트 LARGE,"6,700원"
"(400,)","청,적포도 그릭요거트 드링크","3,700원"
"(400,)",플레인 라씨,"3,700원"
"(400,)",대용량 그릭요거트 400g,"9,700원"
"(400,)",그래놀라 1회분,"1,000원"
"(401,)",벨라안나,"25,000원"
"(401,)",스키아치아타 & 토마토페스토,"6,000원"
"(401,)",마르게리타,"19,000원"
"(401,)",봉골레,"22,000원"
"(401,)",티본스테이크800g,"125,000원"
"(401,)",라비올리,"24,000원"
"(401,)",저온조리한문어,"26,000원"
"(401,)",관자,"26,000원"
"(401,)",프라임립아이350g,"51,000원"
"(402,)",아메리카노,"5,000원"
"(402,)",카페 라떼,"5,500원"
"(402,)",바닐라 라떼,"6,000원"
"(402,)",아인슈페너,"6,500원"
"(402,)",토피 넛 크림 라떼,"6,500원"
"(402,)",밀크티,"6,500원"
"(402,)",오미자베리 에이드,"6,500원"
"(402,)",블루베리 요거트 스무디,"7,000원"
"(402,)",폴링 인 러브 (허브티),"6,500원"
"(402,)",블루 시크릿 (허브티),"6,000원"
"(402,)",레이디스 드림 (허브티),"6,000원"
"(402,)",작설 중작증제차,"6,000원"
"(402,)",메이플 크로플,"9,000원"
"(402,)",초콜릿 크로플,"9,500원"
"(402,)",티라미수,"6,000원"
"(403,)",제철메뉴,변동
"(404,)",브런치 어번던트,"16,000원"
"(404,)",클래식 브런치,"17,000원"
"(404,)",아메리카노,"4,000원"
"(404,)",프렌치가든 토스트,"13,000원"
"(404,)",루꼴라 토마토 치즈 파니니,"12,000원"
"(404,)",홍콩 아이스크림 와플,"13,000원"
"(404,)",아보카도 치킨 샐러드,"14,000원"
"(407,)",부산식 돼지국밥,"8,500원"
"(407,)",부산식 극상돼지국밥,"10,000원"
"(407,)",밀양식 극상돼지국밥,"10,000원"
"(407,)",수육 중,"29,000원"
"(407,)",수육 대,"39,000원"
"(408,)",팟타이,"10,000원"
"(408,)",팟씨유,"11,000원"
"(408,)",꾸에이띠어우 느아,"11,000원"
"(408,)",카오팟 뿌,"11,000원"
"(408,)",카오팟 끄라파오,"11,000원"
"(408,)",무댕,"11,000원"
"(408,)",카오팟 쌉파롯,"11,000원"
"(408,)",똠얌꿍,"20,000원"
"(408,)",뿌 팟 퐁커리,"24,000원"
"(408,)",치킨레드커리,"17,000원"
"(408,)",그린커리,"17,000원"
"(408,)",쏨땀타이,"6,000원"
"(408,)",마쿠아 야오 쿱 카이톳,"9,000원"
"(408,)",뽀삐아톳,"6,000원"
"(408,)",타이밀크티,"3,000원"
"(410,)",플랫화이트 9oz Latte,"3,800원"
"(410,)",플랫화이트 5oz,"3,800원"
"(410,)",피콜로,"3,800원"
"(410,)",카푸치노,"3,800원"
"(410,)",롱블랙,"3,800원"
"(410,)",에스프레소,"3,800원"
"(410,)",오늘의 커피,"4,000원"
"(410,)",드립커피,"4,500원"
"(410,)",플레인 베이글,"2,500원"
"(410,)",요일 베이글,"2,800원"
"(410,)",스프레드,"2,000원"
"(410,)",베이글 러스크,"5,000원"
"(410,)",마늘 러스크,"5,500원"
"(410,)",오늘의 베이글,"4,000원"
"(410,)",FOURB SET,"7,800원"
"(411,)",솔트,"3,300원"
"(411,)",플레인,"3,300원"
"(411,)",시오빵,"2,500원"
"(412,)",양파수프,"7,000원"
"(412,)",에스카르고,"10,000원"
"(412,)",푸아그라,"15,000원"
"(412,)",샤퀴테리&치즈,"18,000원"
"(412,)",봉골레 링귀니 오일파스타,"15,000원"
"(412,)",페투치니 까르보나라,"17,000원"
"(412,)",화이트와인 크림소스 홍합요리,"15,000원"
"(412,)",비프 브루기뇽,"17,000원"
"(412,)",살치살 스테이크,"26,000원"
"(412,)",모듬 프라이즈,"12,000원"
"(412,)",고르곤졸라 흑돼지&버섯리조또,"9,500원"
"(412,)",프로방살피자,"17,000원"
"(412,)",봉돌레 알리오올리오 스파게티,"15,000원"
"(413,)",홀케이크,"35,000원"
"(413,)",케이크,"8,000원"
"(413,)",소진담후르츠,"7,000원"
"(413,)",아메리카노,"5,000원"
"(413,)",조각홀케이크,"36,000원"
"(413,)",쑥라떼,"7,000원"
"(413,)",코코렛/시나몬밀크티/말차,"7,000원"
"(413,)",소진담라떼,"7,000원"
"(414,)",베이컨 치즈버거(Bacon Cheese Burger),"8,800원"
"(414,)",레이지 미,"9,400원"
"(414,)",클래식 치즈버거(Classic Cheese Burger),"7,400원"
"(414,)",메이킷 더블(Make It Double),"12,000원"
"(414,)",레이지 갈릭,"9,400원"
"(414,)",레이지 아보카도,"10,000원"
"(415,)",일품샤브샤브,"28,000원"
"(415,)",일품스끼야끼,"30,000원"
"(415,)",해물샤브샤브,"33,000원"
"(415,)",일품와규샤브샤브,"35,000원"
"(415,)",일품와규스끼야끼,"39,000원"
"(416,)",디너한우1++채끝코스,"110,000원"
"(416,)","시그니쳐,최상급한우채끝스테이크","79,000원"
"(416,)","디너웰링턴,생선코스","85,000원"
"(416,)",런치숏코스,"58,000원"
"(416,)","테이스티로드,고르곤졸라 1++한우 큐브스테이크 파스타","45,000원"
"(416,)",포르치니 1++채끝 큐브스테이크 리조또,"45,000원"
"(416,)","시그니쳐,엔쵸비새우 오일파스타","27,000원"
"(416,)",훈연간장 문어그릴,"27,000원"
"(416,)",청포도 모던카프레제,"25,000원"
"(416,)",해산물 로제리조토,"27,000원"
"(416,)","베이컨,호두 까르보나라","25,000원"
"(416,)",알라노르마 토마토 파스타,"25,000원"
"(417,)",토마토 시금치 파스타,"13,500원"
"(417,)",더블쉬림프 파스타,"13,000원"
"(417,)",트리플 풍기&트러플 오일 파스타,"13,000원"
"(417,)",봉골레 파스타,"13,000원"
"(417,)",베이컨 국물 크림 파스타,"13,500원"
"(417,)",치킨커리,"11,000원"
"(417,)",불닭 크림 리조또,"13,500원"
"(417,)",매생이 리조또,"14,000원"
"(417,)",버섯곡물샐러드,"12,000원"
"(417,)",아보카도새우의 역습,"12,500원"
"(417,)",모짜토마토 파니니,"11,000원"
"(417,)",트리플 풍기 샌드위치,"12,000원"
"(418,)",단팥죽,"7,000원"
"(418,)",식혜,"5,000원"
"(418,)",십전대보탕,"7,000원"
"(418,)",생강대추차,"5,000원"
"(418,)",수정과,"6,000원"
"(419,)",에스프레소 (ESPRESSO),"5,000원"
"(419,)",아메리카노 (AMERICANO) (hot/iced),"5,000원"
"(419,)",마키아토 (MACCHIATO),"5,300원"
"(419,)",지브랄타 (GIBRALTA),"5,500원"
"(419,)",카푸치노 (CAPPUCCINO),"5,700원"
"(419,)",라떼 (LATTE) (hot/iced),"6,100원"
"(419,)",모카 (MOCHA) (hot/Iced),"6,500원"
"(419,)",블렌드 (드립),"5,200원"
"(419,)",싱글 오리진 (드립),"6,300원"
"(419,)",뉴 올리언스,"5,800원"
"(419,)",콜드 브루,"5,800원"
"(419,)",놀라 플로트 (NOLA FLOAT),"7,200원"
"(419,)",레모네이드 (LEMONADE),"4,500원"
"(419,)",레몬 유자 피즈 (LEMON YUJU FIZZ),"4,500원"
"(419,)",딸기 피즈 (STRAWBERRY FIZZ),"5,200원"
"(420,)",연어덮밥 + 미니국수,"15,000원"
"(420,)",홍초계냉국수,"14,000원"
"(420,)",얼큰 닭개장 국수,"14,000원"
"(420,)",능이버섯닭곰탕,"14,500원"
"(420,)",얼큰소고기등심숙주국수,"14,000원"
"(420,)",옛날떡볶이,"16,000원"
"(420,)",멍게비빔밥,"15,000원"
"(420,)",능이버섯닭곰탕흑미국수,"14,500원"
"(420,)",치킨햄프씨드샐러드,"15,000원"
"(420,)",문어간장냉국수,"14,000원"
"(420,)",얼큰차돌박이국밥,"14,500원"
"(420,)",참나물새우두반장비빔국수,"13,500원"
"(420,)",맑은황태순두부국밥,"13,000원"
"(420,)",닭국수,"14,000원"
"(421,)",비트퀴노아 후무스 김밥,"18,000원"
"(421,)",구운야채 렌틸콩 토마토소스 라자냐,"28,000원"
"(422,)",소고기뭇국,"8,000원"
"(422,)",들깨미역국,"8,000원"
"(422,)",점심식사 김치찜,"8,000원"
"(422,)",맛보기보쌈,"10,000원"
"(422,)",사태/클래식보쌈 (소),"27,000원"
"(422,)",사태/클래식보쌈 (중),"37,000원"
"(422,)",낙지볶음(소),"25,000원"
"(422,)",낙지볶음(중),"35,000원"
"(422,)",불고기떡볶음,"20,000원"
"(422,)",부추전,"10,000원"
"(422,)",심각한상(5~6인),"140,000원"
"(422,)",너무한상,"115,000원"
"(422,)",4인한상,"80,000원"
"(422,)",3인한상,"60,000원"
"(422,)",2인한상,"40,000원"
"(423,)",마레 토마토 리조또,"19,000원"
"(423,)",까르보나라,"16,000원"
"(423,)",감바스,"14,000원"
"(423,)",훈제연어 샐러드,"15,000원"
"(423,)",고르곤졸라 피자,"16,000원"
"(423,)",찹스테이크,"25,000원"
"(423,)",트러플감자튀김,"9,000원"
"(423,)",에그볼커틀렛,"18,000원"
"(424,)",앙버터,"3,500원"
"(424,)",꿀바게트,"3,300원"
"(424,)",무화과 깜빠뉴,"3,600원"
"(424,)",버터프레첼,"3,800원"
"(424,)",스콘,"2,200원"
"(424,)",식빵,"4,000원"
"(425,)",런치코스,"50,000원"
"(425,)",디너코스 A,"65,000원"
"(425,)",디너코스 B,"80,000원"
"(426,)",라따뚜이,"14,900원"
"(426,)",뵈프부르기뇽,"19,900원"
"(426,)",라구소스파스타,"15,900원"
"(426,)",시금치크림파스타,"15,900원"
"(426,)",새우로제파스타,"15,900원"
"(426,)",에이드,"6,000원"
"(426,)",테이블와인,"6,000원"
"(426,)",클라우드,"5,000원"
"(426,)",플래티넘수제맥주,"6,000원"
"(426,)",하우스샐러드,"5,900원"
"(427,)",게바위파스타,"24,000원"
"(427,)",한우채끝등심,변동
"(427,)",주카돌체(1.5인분),"33,000원"
"(427,)",관자바질리조또,"23,000원"
"(427,)",돌솥라떼파스타,"24,000원"
"(427,)",차돌박이샐러드,"22,000원"
"(427,)",완숙이그라탕파스타,"24,000원"
"(427,)",또띠아감베로니로제,"23,000원"
"(427,)",블루베리피자,"24,000원"
"(428,)",과콰몰레 쉬림프 오픈 샌드위치,"9,000원"
"(428,)",아보카도 베이컨 오픈 샌드위치,"9,000원"
"(428,)",허니리코타 오픈 샌드위치,"8,000원"
"(428,)",한끼든든 아보카드 새우 샐러드,"12,500원"
"(428,)",오리지널 감자튀김,"6,000원"
"(428,)",쉬림프 통통 감자튀김,"11,000원"
"(428,)",아보카도 튀김,"8,500원"
"(428,)",coffee,변동
"(428,)",non-coffee,변동
"(428,)",alcohol,변동
"(429,)",봉골레,"23,000원"
"(429,)",비프 카르파초,"23,000원"
"(429,)",삼겹살 수비드 스테이크,"40,000원"
"(429,)",오징어 먹물 리조또,"24,000원"
"(430,)",구운 감자등을 곁들인 닭 반마리 팬구이,"21,000원"
"(430,)","살라미 뢰스티 ""얇게 채썬 스위스식 감자전""","18,000원"
"(430,)",특제 양고기 라구 파스타,"18,000원"
"(430,)",세가지 치즈를 녹여낸 기와탭룸 맥앤치즈,"16,000원"
"(430,)",수제 BBQ소스와 사워크림을 곁들인 기와 고구마 & 감자 프라이즈,"13,000원"
"(430,)",텍사스 버팔로 윙 & 감자튀김,"19,000원"
"(430,)",삼청동 style 돼지 쪽갈비 BBQ,"19,000원"
"(430,)",하와이안 그릴 & 프라이즈,"19,500원"
"(430,)",중부시장 건어물 & 누룽지 마른안주,"18,000원"
"(430,)",시어서커 IPA,"7,000원"
"(430,)",글렌체크 엠버 에일,"7,500원"
"(430,)",핑크 세종,"8,500원"
"(430,)",셀비지 포터,"8,500원"
"(430,)",오렌지 비앙코,"8,000원"
"(430,)",하와이안 셔츠 골든에일,"6,500원"
"(431,)",양갈비 스테이크,"39,000원"
"(431,)",코코뱅,"39,000원"
"(431,)",닭가슴살 유자 샐러드,"14,000원"
"(431,)",통양상추 샐러드,"19,000원"
"(431,)",세비체 토마토 샐러드,"14,000원"
"(431,)",명란 오일 스파게티,"19,000원"
"(431,)",시금치 라자냐,"19,000원"
"(431,)",룰스 꼬막 튀김,"14,000원"
"(431,)",수비드 포크 케세롤,"28,000원"
"(431,)",버섯 크림 뇨끼,"19,000원"
"(431,)",핫 블랙 양념치킨,"24,000원"
"(431,)",새우 튀김,"21,000원"
"(431,)",오븐에 구운 까망베르,"18,000원"
"(431,)",치즈 플레이트,"22,000원"
"(431,)",통통튀,"14,000원"
"(433,)",고추장 파스타,"21,000원"
"(433,)",안심 스테이크,"43,000원"
"(433,)",단호박 크림 스프,"15,000원"
"(433,)",아보카도 허머스,"16,000원"
"(433,)",리코타 치즈 샐러드,"16,000원"
"(433,)",시저 샐러드,"16,000원"
"(433,)",로스팅 안심 샐러드,"21,000원"
"(433,)",뽀모도로 리조또,"19,000원"
"(433,)",우렁 된장 리조또,"18,000원"
"(433,)",크레마 리조또,"18,000원"
"(433,)",포르치니 버섯 리조또,"17,000원"
"(433,)",비텔로,"17,000원"
"(433,)",미트볼 볼로네제,"18,000원"
"(433,)",감베로니,"19,000원"
"(433,)",크림 까르보나라,"18,000원"
"(434,)",토마토아롱사태스튜,변동
"(434,)",스키야키,변동
"(434,)",바싹매운불고기,변동
"(434,)",감자전,변동
"(434,)",김치덮밥,변동
"(435,)",빠네,"14,000원"
"(435,)",마리나라,"13,000원"
"(435,)",시져피자,"15,000원"
"(435,)",안심 스테이크,"27,000원"
"(435,)",티본 스테이크,"25,000원"
"(435,)",짬뽕 파스타,"15,000원"
"(435,)",삐깐떼 감베로니 피자,"15,000원"
"(435,)",네베 피자,"13,000원"
"(435,)",세이 포르마쥐 피자,"15,000원"
"(435,)",델라까사 피자,"12,000원"
"(435,)",마르게따,"13,000원"
"(435,)",빠따따,"12,000원"
"(435,)",고르곤졸라,"16,000원"
"(435,)",올리브 봉골레,"13,000원"
"(435,)",올리브 아르셀레,"15,000원"
"(437,)",네기 상차림 한상 1인,"98,000원"
"(437,)","멍게비빔밥,회덮밥,반건조 생선구이,해물 뚝배기 등등","13,000~24,000"
"(437,)",단품메뉴,변동
"(437,)",글렌피딕 12년,"190,000원"
"(437,)",글렌피딕 18년,"350,000원"
"(437,)",글렌피딕 21년,"520,000원"
"(437,)",더 발베니 12년,"230,000원"
"(437,)",더 발베니 17년,"380,000원"
"(439,)",헤레틱 이블트윈 레드에일,"10,000원"
"(439,)",올드 라스푸틴,"12,000원"
"(439,)",부쉬 피치,"12,000원"
"(439,)",스트라프 헨드릭 트리펠,"14,000원"
"(439,)",치즈 플레이트,"18,000원"
"(440,)",점심코스 (평일),"70,000원"
"(440,)",디너 코스 9 Platos,"150,000원"
"(444,)",김치찜 소,"20,000원"
"(444,)",부추전,"12,000원"
"(444,)",소고기뭇국,"8,000원"
"(444,)",차돌육개장,"8,000원"
"(444,)",개성보쌈 소,"28,000원"
"(444,)",낙지볶음 소,"26,000원"
"(444,)",바지락술찜,"20,000원"
"(444,)",명란구이,"18,000원"
"(445,)",떡꼬치,"1,000원"
"(445,)",떡볶이,"3,000원"
"(445,)",순대,"3,000원"
"(445,)",튀김,"3,000원"
"(445,)",식혜,"1,500원"
"(445,)",어묵꼬치,500원
"(445,)",어묵튀김꼬치,"1,000원"
"(446,)",성게장 파스타,"17,000원"
"(446,)",불고기 감자채전,"18,000원"
"(446,)",버섯리조또,"17,000원"
"(446,)",문어카르파치오,"20,000원"
"(446,)",항정살구이,"23,000원"
"(446,)",제주 달고기 튀김,"20,000원"
"(446,)",청양크림 뇨끼,"21,000원"
"(447,)",오이지 소왕갈비,"25,000원"
"(447,)",인절미 삼겹,"23,000원"
"(447,)",명란 치즈 순두부,"12,000원"
"(447,)",차슈김치덮밥,"9,800원"
"(447,)",스키야키 덮밥,"10,800원"
"(447,)",차돌 들기름 국수,"8,900원"
"(447,)",차돌온국수,"8,900원"
"(447,)",크림국물떡볶이,"8,000원"
"(447,)",치즈김치볼,"8,000원"
"(447,)",차돌 숙주 오꼬전,"17,000원"
"(447,)",그라나파다노 감자전,"13,000원"
"(447,)",스지 오뎅탕,"22,000원"
"(447,)",매운 토마토 홍합탕,"18,000원"
"(447,)",가지 떡 강정,"11,000원"
"(447,)",토마토 절임,"5,000원"
"(449,)",프랄린 스트러들,"7,800원"
"(449,)",끼룩슈페너,"7,300원"
"(449,)",애플스트러들,"7,800원"
"(449,)",에이드끼룩,"7,800원"
"(449,)",토마토어니언 파니니,"10,500원"
"(449,)",햄애플루꼴라 파니니,"10,500원"
"(449,)",페퍼로니콘치즈 파니니,"10,500원"
"(449,)",시즈널요거트,"8,500원"
"(449,)",에그엔헬,"11,000원"
"(449,)",끼룩플레이트,"15,000원"
"(449,)",리코타치즈&아보카도 샐러드,"12,000원"
"(450,)",돼지 고추장 구이,변동
"(450,)",가을 고등어 구이,변동
"(450,)",생감자전,변동
"(450,)",육회,변동
"(450,)",미더덕회,변동
"(450,)",청어알젓두부,변동
"(450,)",명란탕,변동
"(450,)",멸치회,"20,000원"
"(450,)",오징어통구이,"20,000원"
"(451,)",Shrimp Gangster,"31,000원"
"(451,)",Cheese & Patty Bomb,"28,000원"
"(451,)",Potato Killer,"26,000원"
"(451,)",Pepperoni Shotgun,"25,000원"
"(451,)",Pepperoni,"22,000원"
"(451,)",Cheddar Cheese,"21,000원"
"(452,)",연탄 양념 소갈비 280g,"29,000원"
"(452,)",특상 한우 짝갈비 모둠 130g,"39,000원"
"(452,)",특상 한우 갈빗살 130g,"32,000원"
"(452,)",국빈관 된장찌개,"9,000원"
"(452,)",골빔면,"7,000원"
"(452,)",더덕 연탄 구이,"12,000원"
"(452,)",특상 한우 우설,"34,000원"
"(452,)",사골떡국,"9,000원"
"(452,)",특상 한우 육회,"25,000원"
"(453,)",아메리카노,"4,800원"
"(453,)",카페라테,"5,800원"
"(453,)",코코패션파운드케익,"3,800원"
"(455,)",종가,"159,000원"
"(455,)",반가(런치),"79,000원"
"(455,)",회식 ( 6인이상 ),"99,000원"
"(456,)",베이컨치즈버거,"6,900원"
"(456,)",아보카도치즈버거,"7,900원"
"(456,)",치즈버거,"5,900원"
"(456,)",머쉬룸치즈버거,"6,900원"
"(456,)",쉬림프치즈버거,"7,900원"
"(456,)",감자튀김,"2,500원"
"(456,)",탄산음료,"1,400원"
"(456,)",세트추가,"2,800원"
"(456,)",더블패티+치즈추가,"2,000원"
"(456,)",해쉬베이컨버거,"6,900원"
"(456,)",아보카도버거,"7,900원"
"(456,)",21cm 치즈스틱,"1,700원"
"(456,)",치킨스틱8조각,"2,000원"
"(457,)",스페셜티 커피 오리지널,"5,000원"
"(459,)",핸드드립커피,"5,500원"
"(459,)",디카페인커피,"6,000원"
"(459,)",라떼,"6,000원"
"(459,)",밀크티,"6,500원"
"(459,)",마른안주,"14,000원"
"(459,)",치즈세트,"27,000원"
"(460,)",에스프레소/아메리카노,"5,000원"
"(460,)",흑당카푸치노,"7,000원"
"(460,)",잠이 솔솔 숙면차,"7,000원"
"(460,)",티라미수,"6,000원"
"(460,)",브루잉 커피,"6,000원"
"(461,)",아메리카노,"3,500원"
"(461,)",카페라떼,"4,000원"
"(461,)",그라니따,"5,500원"
"(461,)",스폴리아텔라,"4,000원"
"(462,)",하우스 샐러드,"3,900원"
"(462,)",스테이크 샐러드,"13,900원"
"(462,)",고르곤 블루 리조또,"13,900원"
"(462,)",새우 로제 리조또,"13,900원"
"(462,)",매생이 오일 파스타,"15,900원"
"(462,)",베이컨 까르보나라 파스타,"13,900원"
"(462,)",새우 로제 파스타,"13,900원"
"(462,)",채끝등심 스테이크,"29,900원"
"(462,)",부채살 스테이크,"27,900원"
"(462,)",테이블와인,"5,000~6,000"
"(463,)",통목살,"14,000원"
"(463,)",통삽겹살,"14,000원"
"(463,)",통항정살,"17,000원"
"(463,)",등겹살,"15,000원"
"(463,)",김치/된장찌개,"4,000원"
"(463,)",물/비빔냉면,"4,000원"
"(464,)",말차,"6,500원"
"(464,)",티라미수(일반/말차/얼그레이),"7,000원"
"(464,)",가배,"4,500원"
"(464,)",사쿠란보,"7,000원"
"(464,)",판나코타(일반/말차),"5,000원"
"(465,)",큐브,"5,500원"
"(465,)",크로아상,"1,800원"
"(465,)",아메리카노_달콤 시그니처,"4,100원"
"(465,)",아메리카노_내추럴 라이트,"3,600원"
"(465,)",허니몽,"6,300원"
"(466,)",아메리카노 어센틱 hot,"5,000원"
"(466,)",아메리카노 어센틱 ice,"5,500원"
"(466,)",카페라테,"5,500원"
"(466,)",카푸치노,"5,000원"
"(466,)",핸드드립,변동
"(466,)",하우스주스,"7,000원"
"(466,)",베네수엘라 아이스 초콜릿,"6,000원"
"(467,)",편백찜(도토리흑돼지),"13,000원"
"(467,)",샤브(도토리흑돼지),"13,000원"
"(467,)",편백찜(소고기),"12,000원"
"(467,)",샤브(소고기),"13,000원"
"(467,)",흑돼지돈부리,"7,000원"
"(467,)",소고기돈부리,"7,000원"
"(467,)",오야코돈부리,"7,000원"
"(467,)",흑돼지우동,"7,000원"
"(467,)",흑돼지고추장찌개(런치),"7,000원"
"(467,)",흑돼지김치찌개(런치),"7,000원"
"(467,)",국물떡볶이,"6,000원"
"(467,)",치킨가라아게,"9,000원"
"(467,)",오징어가라아게,"9,000원"
"(467,)",새우가라아게,"15,000원"
"(467,)",매운갈비찜,"26,000원"
"(468,)",수플레치즈케이크,변동
"(469,)",런치 스시오마카세,"50,000원"
"(469,)",디너 스시오마카세,"80,000원"
"(470,)",두오모수프,"14,000원"
"(470,)",실버니들 티,"7,000원"
"(470,)",제주 레몬 소금의 담백한 하얀콩 새우 파스타,"23,000원"
"(470,)","신선한 토마토, 블랙올리브, 그린올리브의 루꼴라 파스타","22,000원"
"(470,)",단호박 퓨레와 풍부한 치즈향의 부드러운 감자 뇨끼,"24,000원"
"(471,)",우육면(특),"12,000원"
"(471,)",우육면(보통),"9,000원"
"(471,)",수교,"7,000원"
"(471,)",오이소채,"2,000원"
"(471,)",우육샤궈(대/3-4인),"65,000원"
"(471,)",우육샤궈(중/2-3인),"45,000원"
"(471,)",어향가지,"18,000원"
"(471,)",마파연두부와 꽃빵,"15,000원"
"(472,)",Tomato and Grape Carpese,"12,900원"
"(472,)",LEGEND PIZZA,"22,000원"
"(472,)",SUPER JACKSON,"23,000원"
"(472,)",BISQUE ROSE SPAGHETT,"17,900원"
"(472,)",Ghetto Bolognese,"20,000원"
"(472,)",Classic Burger,"9,800원"
"(472,)",DTM Platter,"34,900원"
"(472,)",Gilbert Burger,"10,500원"
"(472,)",Hey Guys Burger,"12,800원"
"(474,)",쑥차라떼 Ssuk Tea Latte,"5,500원"
"(474,)",아메리카노 Americano,"4,000원"
"(474,)",카페라떼 Cafe Latte,"4,500원"
"(474,)",카푸치노 Cappuccino,"4,500원"
"(474,)",녹차라떼 Greentea Latte,"5,000원"
"(474,)",고구마라떼 Sweet Potato,"5,000원"
"(474,)",녹차 Green Tea,"4,500원"
"(474,)",복숭아꽃차 Peach Blossom Tea,"4,500원"
"(474,)",매화꽃차 UME Flower Tea,"5,000원"
"(474,)",레몬진저 에이드 Lemon Ginger Ade,"5,500원"
"(474,)",살구 오렌지 에이드 Apricot-Orange Ade,"5,500원"
"(474,)",주전부리플레이트,"7,000원"
"(475,)",에그타르트,"3,000원"
"(475,)",호두타르트,"3,500원"
"(475,)",초코타르트,"4,500원"
"(475,)",밀크티,"4,000원"
"(475,)",딸기라떼,"4,000원"
"(476,)",런치 오마카세,"60,000원"
"(476,)",디너오마카세,"100,000원"
"(476,)",스시 take out,"50,000원"
"(476,)",후토마키 take out,"50,000원"
"(476,)",사시미(예약전용),"150,000원"
"(477,)",애호박찌개,"8,000원"
"(477,)",보쌈정식한상,"10,000원"
"(477,)",제육정식한상,"8,000원"
"(477,)",젓갈정식,"10,000원"
"(477,)",애호락오합보쌈,"28,000원"
"(477,)",가평손두부3종젓갈,"13,000원"
"(477,)",돼가리편육,"12,000원"
"(477,)",속초생선구이 2종,"25,000원"
"(477,)",애호박육전,"15,000원"
"(477,)",수육무침,"13,000원"
"(477,)",들기름북어채구이,"12,000원"
"(477,)",무쇠판제육 ,"15,000원"
"(478,)",루꼴라피자,"23,000원"
"(478,)",치즈해물떡볶이,"22,000원"
"(478,)",단호박해물떡볶이,"26,000원"
"(478,)",송주,"7,000원"
"(478,)",오리지널 피자,"20,000원"
"(478,)",포테이토 피자,"23,000원"
"(478,)",렌치피자,"23,000원"
"(478,)",고르곤졸라 치즈피자,"23,000원"
"(478,)",에스프레소,"6,000원"
"(479,)",등갈비 250g,"14,000원"
"(479,)",오리훈제 200g,"14,000원"
"(479,)",갈비살 150g,"16,000원"
"(479,)",생삼겹살 200g,"14,000원"
"(479,)",닭도리탕 대,"30,000원"
"(479,)",닭도리탕 중,"25,000원"
"(479,)",철판제육+된장찌개 180g (2인이상),"8,000원"
"(479,)",부대찌개 (2인이상),"8,000원"
"(479,)",해물된장찌개,"8,000원"
"(479,)",북어해장국,"8,000원"
"(479,)",순두부찌개,"8,000원"
"(479,)",냉면,"8,000원"
"(480,)",본삼겹(1인분 170g),"16,000원"
"(480,)",등목살(1인분 170g),"17,000원"
"(480,)",눈꽃목살,"16,000원"
"(480,)",껍데기(150g),"12,000원"
"(480,)",통돼지 김치찌개,"8,000원"
"(483,)",곰탕,"13,000원"
"(483,)",곰탕 (특),"15,000원"
"(483,)",수육(중),"30,000원"
"(483,)",수육(대),"50,000원"
"(483,)",20공 곰탕,"20,000원"
"(483,)",25공 곰탕,"25,000원"
"(484,)",유즈시오(소금)라멘,"10,000원"
"(484,)",매운유즈쇼유라멘,"11,000원"
"(484,)","♡ 자가제면 추가 무료, 육수 추가 무료 ♡ (맘껏 계속)",무료
"(484,)",유즈쇼유(간장)라멘,"10,000원"
"(484,)",매운유즈시오라멘,"11,000원"
"(484,)","유즈 츠케멘 (중, 대)","12,000원"
"(484,)",튀김김치만두,"4,000원"
"(484,)",치킨가라아게,"5,000원"
"(485,)",커피,"5,000원"
"(486,)",평일런치20종(11:30~14:30),"19,000~39,000"
"(486,)",평일디너60종(휴일종일),"16,000~59,000"
"(486,)","평일가든아워10종(14:30:16:30,LO 16:00)","17,500~63,000"
"(486,)",디저트 음료,변동
"(486,)",와인 맥주,변동
"(486,)",평일디너세트2종(휴일종일),"59,000~160,000"
"(486,)",평일디너코스6종(휴일종일),"35,000~69,000"
"(487,)",BEEF WELLINGTON,"80,000원"
"(487,)",FISH PIE,"35,000원"
"(487,)",LAMB CHOP,"48,000원"
"(487,)",ROAST BEEF,"55,000원"
"(487,)",BEEF TENDERLOIN STEAK,"50,000원"
"(487,)",FISH&CHIPS,"28,000원"
"(487,)",CREAMY CLAM&LOBSTER CHOWDER,"20,000원"
"(487,)",CAULIFLOWER STEAK,"15,000원"
"(487,)",TUNA NICOISE,"22,000원"
"(487,)",CUMIN FLAVORED CHIPS WITH AIOLI,"10,000원"
"(487,)",BUTTER SAUTEED BROCCOLINI,"18,000원"
"(487,)",ROASTED BEEF&CREME FRAICHE,"25,000원"
"(487,)",CLASSIC CAESAR SALAD,"22,000원"
